Fecha;Valor UF
09-oct-24;37,944.50
08-oct-24;37,940.71
07-oct-24;37,936.93
06-oct-24;37,933.14
05-oct-24;37,929.35
04-oct-24;37,925.56
03-oct-24;37,921.78
02-oct-24;37,917.99
01-oct-24;37,914.20
30-sept-24;37,910.42
29-sept-24;37,906.63
28-sept-24;37,902.85
27-sept-24;37,899.07
26-sept-24;37,895.28
25-sept-24;37,891.50
24-sept-24;37,887.71
23-sept-24;37,883.93
22-sept-24;37,880.15
21-sept-24;37,876.37
20-sept-24;37,872.58
19-sept-24;37,868.80
18-sept-24;37,865.02
17-sept-24;37,861.24
16-sept-24;37,857.46
15-sept-24;37,853.68
14-sept-24;37,849.90
13-sept-24;37,846.12
12-sept-24;37,842.34
11-sept-24;37,838.57
10-sept-24;37,834.79
09-sept-24;37,831.01
08-sept-24;37,822.49
07-sept-24;37,813.98
06-sept-24;37,805.48
05-sept-24;37,796.97
04-sept-24;37,788.47
03-sept-24;37,779.96
02-sept-24;37,771.46
01-sept-24;37,762.97
31-ago-24;37,754.47
30-ago-24;37,745.97
29-ago-24;37,737.48
28-ago-24;37,728.99
27-ago-24;37,720.50
26-ago-24;37,712.02
25-ago-24;37,703.53
24-ago-24;37,695.05
23-ago-24;37,686.57
22-ago-24;37,678.09
21-ago-24;37,669.61
20-ago-24;37,661.13
19-ago-24;37,652.66
18-ago-24;37,644.19
17-ago-24;37,635.72
16-ago-24;37,627.25
15-ago-24;37,618.79
14-ago-24;37,610.32
13-ago-24;37,601.86
12-ago-24;37,593.40
11-ago-24;37,584.94
10-ago-24;37,576.48
09-ago-24;37,568.03
08-ago-24;37,569.25
07-ago-24;37,570.46
06-ago-24;37,571.67
05-ago-24;37,572.88
04-ago-24;37,574.10
03-ago-24;37,575.31
02-ago-24;37,576.52
01-ago-24;37,577.74
31-jul-24;37,578.95
30-jul-24;37,580.16
29-jul-24;37,581.37
28-jul-24;37,582.59
27-jul-24;37,583.80
26-jul-24;37,585.01
25-jul-24;37,586.23
24-jul-24;37,587.44
23-jul-24;37,588.65
22-jul-24;37,589.87
21-jul-24;37,591.08
20-jul-24;37,592.29
19-jul-24;37,593.51
18-jul-24;37,594.72
17-jul-24;37,595.93
16-jul-24;37,597.15
15-jul-24;37,598.36
14-jul-24;37,599.57
13-jul-24;37,600.79
12-jul-24;37,602.00
11-jul-24;37,603.21
10-jul-24;37,604.43
09-jul-24;37,605.64
08-jul-24;37,601.88
07-jul-24;37,598.13
06-jul-24;37,594.38
05-jul-24;37,590.62
04-jul-24;37,586.87
03-jul-24;37,583.12
02-jul-24;37,579.36
01-jul-24;37,575.61
30-jun-24;37,571.86
29-jun-24;37,568.11
28-jun-24;37,564.36
27-jun-24;37,560.61
26-jun-24;37,556.86
25-jun-24;37,553.11
24-jun-24;37,549.36
23-jun-24;37,545.61
22-jun-24;37,541.86
21-jun-24;37,538.11
20-jun-24;37,534.36
19-jun-24;37,530.62
18-jun-24;37,526.87
17-jun-24;37,523.12
16-jun-24;37,519.38
15-jun-24;37,515.63
14-jun-24;37,511.88
13-jun-24;37,508.14
12-jun-24;37,504.39
11-jun-24;37,500.65
10-jun-24;37,496.90
09-jun-24;37,493.16
08-jun-24;37,487.13
07-jun-24;37,481.10
06-jun-24;37,475.07
05-jun-24;37,469.04
04-jun-24;37,463.01
03-jun-24;37,456.99
02-jun-24;37,450.96
01-jun-24;37,444.94
31-may-24;37,438.91
30-may-24;37,432.89
29-may-24;37,426.87
28-may-24;37,420.85
27-may-24;37,414.83
26-may-24;37,408.81
25-may-24;37,402.79
24-may-24;37,396.77
23-may-24;37,390.76
22-may-24;37,384.74
21-may-24;37,378.73
20-may-24;37,372.71
19-may-24;37,366.70
18-may-24;37,360.69
17-may-24;37,354.68
16-may-24;37,348.67
15-may-24;37,342.66
14-may-24;37,336.65
13-may-24;37,330.65
12-may-24;37,324.64
11-may-24;37,318.64
10-may-24;37,312.63
09-may-24;37,306.63
08-may-24;37,301.67
07-may-24;37,296.70
06-may-24;37,291.74
05-may-24;37,286.78
04-may-24;37,281.82
03-may-24;37,276.86
02-may-24;37,271.90
01-may-24;37,266.94
30-abr-24;37,261.98
29-abr-24;37,257.02
28-abr-24;37,252.06
27-abr-24;37,247.11
26-abr-24;37,242.15
25-abr-24;37,237.20
24-abr-24;37,232.24
23-abr-24;37,227.29
22-abr-24;37,222.33
21-abr-24;37,217.38
20-abr-24;37,212.43
19-abr-24;37,207.48
18-abr-24;37,202.53
17-abr-24;37,197.58
16-abr-24;37,192.63
15-abr-24;37,187.68
14-abr-24;37,182.73
13-abr-24;37,177.78
12-abr-24;37,172.84
11-abr-24;37,167.89
10-abr-24;37,162.94
09-abr-24;37,158.00
08-abr-24;37,150.83
07-abr-24;37,143.66
06-abr-24;37,136.49
05-abr-24;37,129.33
04-abr-24;37,122.16
03-abr-24;37,115.00
02-abr-24;37,107.84
01-abr-24;37,100.68
31-mar-24;37,093.52
30-mar-24;37,086.36
29-mar-24;37,079.21
28-mar-24;37,072.05
27-mar-24;37,064.90
26-mar-24;37,057.75
25-mar-24;37,050.60
24-mar-24;37,043.45
23-mar-24;37,036.30
22-mar-24;37,029.16
21-mar-24;37,022.01
20-mar-24;37,014.87
19-mar-24;37,007.72
18-mar-24;37,000.58
17-mar-24;36,993.44
16-mar-24;36,986.31
15-mar-24;36,979.17
14-mar-24;36,972.04
13-mar-24;36,964.90
12-mar-24;36,957.77
11-mar-24;36,950.64
10-mar-24;36,943.51
09-mar-24;36,936.38
08-mar-24;36,927.49
07-mar-24;36,918.61
06-mar-24;36,909.73
05-mar-24;36,900.86
04-mar-24;36,891.98
03-mar-24;36,883.11
02-mar-24;36,874.24
01-mar-24;36,865.37
29-feb-24;36,856.50
28-feb-24;36,847.64
27-feb-24;36,838.78
26-feb-24;36,829.92
25-feb-24;36,821.06
24-feb-24;36,812.20
23-feb-24;36,803.35
22-feb-24;36,794.50
21-feb-24;36,785.65
20-feb-24;36,776.80
19-feb-24;36,767.95
18-feb-24;36,759.11
17-feb-24;36,750.27
16-feb-24;36,741.43
15-feb-24;36,732.60
14-feb-24;36,723.76
13-feb-24;36,714.93
12-feb-24;36,706.10
11-feb-24;36,697.27
10-feb-24;36,688.44
09-feb-24;36,679.62
08-feb-24;36,685.55
07-feb-24;36,691.48
06-feb-24;36,697.42
05-feb-24;36,703.35
04-feb-24;36,709.29
03-feb-24;36,715.22
02-feb-24;36,721.16
01-feb-24;36,727.10
31-ene-24;36,733.04
30-ene-24;36,738.98
29-ene-24;36,744.92
28-ene-24;36,750.86
27-ene-24;36,756.80
26-ene-24;36,762.75
25-ene-24;36,768.69
24-ene-24;36,774.64
23-ene-24;36,780.58
22-ene-24;36,786.53
21-ene-24;36,792.48
20-ene-24;36,798.43
19-ene-24;36,804.38
18-ene-24;36,810.33
17-ene-24;36,816.29
16-ene-24;36,822.24
15-ene-24;36,828.19
14-ene-24;36,834.15
13-ene-24;36,840.10
12-ene-24;36,846.06
11-ene-24;36,852.02
10-ene-24;36,857.98
09-ene-24;36,863.94
08-ene-24;36,855.65
07-ene-24;36,847.36
06-ene-24;36,839.07
05-ene-24;36,830.78
04-ene-24;36,822.49
03-ene-24;36,814.21
02-ene-24;36,805.92
01-ene-24;36,797.64
31-dic-23;36,789.36
30-dic-23;36,781.09
29-dic-23;36,772.81
28-dic-23;36,764.54
27-dic-23;36,756.26
26-dic-23;36,747.99
25-dic-23;36,739.73
24-dic-23;36,731.46
23-dic-23;36,723.20
22-dic-23;36,714.93
21-dic-23;36,706.67
20-dic-23;36,698.41
19-dic-23;36,690.16
18-dic-23;36,681.90
17-dic-23;36,673.65
16-dic-23;36,665.40
15-dic-23;36,657.15
14-dic-23;36,648.90
13-dic-23;36,640.65
12-dic-23;36,632.41
11-dic-23;36,624.17
10-dic-23;36,615.93
09-dic-23;36,607.69
08-dic-23;36,602.82
07-dic-23;36,597.95
06-dic-23;36,593.08
05-dic-23;36,588.21
04-dic-23;36,583.34
03-dic-23;36,578.47
02-dic-23;36,573.60
01-dic-23;36,568.74
30-nov-23;36,563.87
29-nov-23;36,559.01
28-nov-23;36,554.14
27-nov-23;36,549.28
26-nov-23;36,544.42
25-nov-23;36,539.55
24-nov-23;36,534.69
23-nov-23;36,529.83
22-nov-23;36,524.97
21-nov-23;36,520.11
20-nov-23;36,515.25
19-nov-23;36,510.39
18-nov-23;36,505.53
17-nov-23;36,500.68
16-nov-23;36,495.82
15-nov-23;36,490.96
14-nov-23;36,486.11
13-nov-23;36,481.25
12-nov-23;36,476.40
11-nov-23;36,471.55
10-nov-23;36,466.69
09-nov-23;36,461.84
08-nov-23;36,453.63
07-nov-23;36,445.43
06-nov-23;36,437.23
05-nov-23;36,429.03
04-nov-23;36,420.84
03-nov-23;36,412.64
02-nov-23;36,404.45
01-nov-23;36,396.26
31-oct-23;36,388.07
30-oct-23;36,379.88
29-oct-23;36,371.70
28-oct-23;36,363.52
27-oct-23;36,355.33
26-oct-23;36,347.15
25-oct-23;36,338.98
24-oct-23;36,330.80
23-oct-23;36,322.63
22-oct-23;36,314.45
21-oct-23;36,306.28
20-oct-23;36,298.11
19-oct-23;36,289.95
18-oct-23;36,281.78
17-oct-23;36,273.62
16-oct-23;36,265.46
15-oct-23;36,257.30
14-oct-23;36,249.14
13-oct-23;36,240.99
12-oct-23;36,232.83
11-oct-23;36,224.68
10-oct-23;36,216.53
09-oct-23;36,208.38
08-oct-23;36,207.18
07-oct-23;36,205.97
06-oct-23;36,204.76
05-oct-23;36,203.56
04-oct-23;36,202.35
03-oct-23;36,201.14
02-oct-23;36,199.94
01-oct-23;36,198.73
30-sept-23;36,197.53
29-sept-23;36,196.32
28-sept-23;36,195.11
27-sept-23;36,193.91
26-sept-23;36,192.70
25-sept-23;36,191.50
24-sept-23;36,190.29
23-sept-23;36,189.09
22-sept-23;36,187.88
21-sept-23;36,186.67
20-sept-23;36,185.47
19-sept-23;36,184.26
18-sept-23;36,183.06
17-sept-23;36,181.85
16-sept-23;36,180.65
15-sept-23;36,179.44
14-sept-23;36,178.24
13-sept-23;36,177.03
12-sept-23;36,175.83
11-sept-23;36,174.62
10-sept-23;36,173.42
09-sept-23;36,172.21
08-sept-23;36,167.55
07-sept-23;36,162.90
06-sept-23;36,158.24
05-sept-23;36,153.58
04-sept-23;36,148.93
03-sept-23;36,144.27
02-sept-23;36,139.62
01-sept-23;36,134.97
31-ago-23;36,130.31
30-ago-23;36,125.66
29-ago-23;36,121.01
28-ago-23;36,116.36
27-ago-23;36,111.71
26-ago-23;36,107.06
25-ago-23;36,102.41
24-ago-23;36,097.76
23-ago-23;36,093.11
22-ago-23;36,088.46
21-ago-23;36,083.82
20-ago-23;36,079.17
19-ago-23;36,074.53
18-ago-23;36,069.88
17-ago-23;36,065.24
16-ago-23;36,060.59
15-ago-23;36,055.95
14-ago-23;36,051.31
13-ago-23;36,046.66
12-ago-23;36,042.02
11-ago-23;36,037.38
10-ago-23;36,032.74
09-ago-23;36,028.10
08-ago-23;36,030.43
07-ago-23;36,032.75
06-ago-23;36,035.08
05-ago-23;36,037.41
04-ago-23;36,039.73
03-ago-23;36,042.06
02-ago-23;36,044.39
01-ago-23;36,046.72
31-jul-23;36,049.05
30-jul-23;36,051.37
29-jul-23;36,053.70
28-jul-23;36,056.03
27-jul-23;36,058.36
26-jul-23;36,060.69
25-jul-23;36,063.02
24-jul-23;36,065.35
23-jul-23;36,067.68
22-jul-23;36,070.00
21-jul-23;36,072.33
20-jul-23;36,074.66
19-jul-23;36,076.99
18-jul-23;36,079.32
17-jul-23;36,081.65
16-jul-23;36,083.98
15-jul-23;36,086.31
14-jul-23;36,088.64
13-jul-23;36,090.98
12-jul-23;36,093.31
11-jul-23;36,095.64
10-jul-23;36,097.97
09-jul-23;36,100.30
08-jul-23;36,099.10
07-jul-23;36,097.90
06-jul-23;36,096.70
05-jul-23;36,095.49
04-jul-23;36,094.29
03-jul-23;36,093.09
02-jul-23;36,091.89
01-jul-23;36,090.68
30-jun-23;36,089.48
29-jun-23;36,088.28
28-jun-23;36,087.08
27-jun-23;36,085.87
26-jun-23;36,084.67
25-jun-23;36,083.47
24-jun-23;36,082.27
23-jun-23;36,081.07
22-jun-23;36,079.86
21-jun-23;36,078.66
20-jun-23;36,077.46
19-jun-23;36,076.26
18-jun-23;36,075.06
17-jun-23;36,073.85
16-jun-23;36,072.65
15-jun-23;36,071.45
14-jun-23;36,070.25
13-jun-23;36,069.05
12-jun-23;36,067.84
11-jun-23;36,066.64
10-jun-23;36,065.44
09-jun-23;36,064.24
08-jun-23;36,060.75
07-jun-23;36,057.27
06-jun-23;36,053.79
05-jun-23;36,050.30
04-jun-23;36,046.82
03-jun-23;36,043.34
02-jun-23;36,039.85
01-jun-23;36,036.37
31-may-23;36,032.89
30-may-23;36,029.41
29-may-23;36,025.93
28-may-23;36,022.44
27-may-23;36,018.96
26-may-23;36,015.48
25-may-23;36,012.00
24-may-23;36,008.52
23-may-23;36,005.05
22-may-23;36,001.57
21-may-23;35,998.09
20-may-23;35,994.61
19-may-23;35,991.13
18-may-23;35,987.65
17-may-23;35,984.18
16-may-23;35,980.70
15-may-23;35,977.22
14-may-23;35,973.75
13-may-23;35,970.27
12-may-23;35,966.79
11-may-23;35,963.32
10-may-23;35,959.84
09-may-23;35,956.37
08-may-23;35,943.26
07-may-23;35,930.15
06-may-23;35,917.05
05-may-23;35,903.96
04-may-23;35,890.87
03-may-23;35,877.78
02-may-23;35,864.70
01-may-23;35,851.62
30-abr-23;35,838.55
29-abr-23;35,825.49
28-abr-23;35,812.42
27-abr-23;35,799.37
26-abr-23;35,786.31
25-abr-23;35,773.27
24-abr-23;35,760.22
23-abr-23;35,747.19
22-abr-23;35,734.15
21-abr-23;35,721.12
20-abr-23;35,708.10
19-abr-23;35,695.08
18-abr-23;35,682.07
17-abr-23;35,669.06
16-abr-23;35,656.05
15-abr-23;35,643.05
14-abr-23;35,630.06
13-abr-23;35,617.07
12-abr-23;35,604.08
11-abr-23;35,591.10
10-abr-23;35,578.12
09-abr-23;35,565.15
08-abr-23;35,566.30
07-abr-23;35,567.44
06-abr-23;35,568.59
05-abr-23;35,569.74
04-abr-23;35,570.89
03-abr-23;35,572.04
02-abr-23;35,573.19
01-abr-23;35,574.33
31-mar-23;35,575.48
30-mar-23;35,576.63
29-mar-23;35,577.78
28-mar-23;35,578.93
27-mar-23;35,580.07
26-mar-23;35,581.22
25-mar-23;35,582.37
24-mar-23;35,583.52
23-mar-23;35,584.67
22-mar-23;35,585.82
21-mar-23;35,586.96
20-mar-23;35,588.11
19-mar-23;35,589.26
18-mar-23;35,590.41
17-mar-23;35,591.56
16-mar-23;35,592.71
15-mar-23;35,593.86
14-mar-23;35,595.01
13-mar-23;35,596.15
12-mar-23;35,597.30
11-mar-23;35,598.45
10-mar-23;35,599.60
09-mar-23;35,600.75
08-mar-23;35,590.62
07-mar-23;35,580.49
06-mar-23;35,570.37
05-mar-23;35,560.24
04-mar-23;35,550.13
03-mar-23;35,540.01
02-mar-23;35,529.90
01-mar-23;35,519.79
28-feb-23;35,509.68
27-feb-23;35,499.58
26-feb-23;35,489.48
25-feb-23;35,479.38
24-feb-23;35,469.28
23-feb-23;35,459.19
22-feb-23;35,449.10
21-feb-23;35,439.02
20-feb-23;35,428.93
19-feb-23;35,418.85
18-feb-23;35,408.77
17-feb-23;35,398.70
16-feb-23;35,388.63
15-feb-23;35,378.56
14-feb-23;35,368.49
13-feb-23;35,358.43
12-feb-23;35,348.37
11-feb-23;35,338.31
10-feb-23;35,328.25
09-feb-23;35,318.20
08-feb-23;35,314.79
07-feb-23;35,311.37
06-feb-23;35,307.96
05-feb-23;35,304.55
04-feb-23;35,301.14
03-feb-23;35,297.73
02-feb-23;35,294.32
01-feb-23;35,290.91
31-ene-23;35,287.50
30-ene-23;35,284.09
29-ene-23;35,280.68
28-ene-23;35,277.27
27-ene-23;35,273.86
26-ene-23;35,270.45
25-ene-23;35,267.04
24-ene-23;35,263.64
23-ene-23;35,260.23
22-ene-23;35,256.82
21-ene-23;35,253.41
20-ene-23;35,250.01
19-ene-23;35,246.60
18-ene-23;35,243.20
17-ene-23;35,239.79
16-ene-23;35,236.39
15-ene-23;35,232.98
14-ene-23;35,229.58
13-ene-23;35,226.17
12-ene-23;35,222.77
11-ene-23;35,219.37
10-ene-23;35,215.96
09-ene-23;35,212.56
08-ene-23;35,201.26
07-ene-23;35,189.96
06-ene-23;35,178.67
05-ene-23;35,167.38
04-ene-23;35,156.09
03-ene-23;35,144.81
02-ene-23;35,133.53
01-ene-23;35,122.26
31-dic-22;35,110.98
30-dic-22;35,099.72
29-dic-22;35,088.45
28-dic-22;35,077.19
27-dic-22;35,065.93
26-dic-22;35,054.68
25-dic-22;35,043.43
24-dic-22;35,032.18
23-dic-22;35,020.94
22-dic-22;35,009.70
21-dic-22;34,998.47
20-dic-22;34,987.23
19-dic-22;34,976.01
18-dic-22;34,964.78
17-dic-22;34,953.56
16-dic-22;34,942.34
15-dic-22;34,931.13
14-dic-22;34,919.92
13-dic-22;34,908.71
12-dic-22;34,897.51
11-dic-22;34,886.31
10-dic-22;34,875.11
09-dic-22;34,863.92
08-dic-22;34,858.13
07-dic-22;34,852.33
06-dic-22;34,846.54
05-dic-22;34,840.75
04-dic-22;34,834.95
03-dic-22;34,829.16
02-dic-22;34,823.37
01-dic-22;34,817.58
30-nov-22;34,811.80
29-nov-22;34,806.01
28-nov-22;34,800.22
27-nov-22;34,794.44
26-nov-22;34,788.65
25-nov-22;34,782.87
24-nov-22;34,777.09
23-nov-22;34,771.31
22-nov-22;34,765.53
21-nov-22;34,759.75
20-nov-22;34,753.97
19-nov-22;34,748.19
18-nov-22;34,742.41
17-nov-22;34,736.64
16-nov-22;34,730.86
15-nov-22;34,725.09
14-nov-22;34,719.32
13-nov-22;34,713.55
12-nov-22;34,707.78
11-nov-22;34,702.01
10-nov-22;34,696.24
09-nov-22;34,690.47
08-nov-22;34,680.44
07-nov-22;34,670.42
06-nov-22;34,660.40
05-nov-22;34,650.39
04-nov-22;34,640.37
03-nov-22;34,630.36
02-nov-22;34,620.36
01-nov-22;34,610.35
31-oct-22;34,600.35
30-oct-22;34,590.35
29-oct-22;34,580.35
28-oct-22;34,570.36
27-oct-22;34,560.37
26-oct-22;34,550.38
25-oct-22;34,540.40
24-oct-22;34,530.42
23-oct-22;34,520.44
22-oct-22;34,510.46
21-oct-22;34,500.49
20-oct-22;34,490.52
19-oct-22;34,480.55
18-oct-22;34,470.59
17-oct-22;34,460.63
16-oct-22;34,450.67
15-oct-22;34,440.71
14-oct-22;34,430.76
13-oct-22;34,420.81
12-oct-22;34,410.86
11-oct-22;34,400.92
10-oct-22;34,390.98
09-oct-22;34,381.04
08-oct-22;34,367.37
07-oct-22;34,353.71
06-oct-22;34,340.05
05-oct-22;34,326.40
04-oct-22;34,312.76
03-oct-22;34,299.11
02-oct-22;34,285.48
01-oct-22;34,271.85
30-sept-22;34,258.23
29-sept-22;34,244.61
28-sept-22;34,230.99
27-sept-22;34,217.38
26-sept-22;34,203.78
25-sept-22;34,190.18
24-sept-22;34,176.59
23-sept-22;34,163.01
22-sept-22;34,149.42
21-sept-22;34,135.85
20-sept-22;34,122.28
19-sept-22;34,108.71
18-sept-22;34,095.15
17-sept-22;34,081.60
16-sept-22;34,068.05
15-sept-22;34,054.51
14-sept-22;34,040.97
13-sept-22;34,027.44
12-sept-22;34,013.91
11-sept-22;34,000.39
10-sept-22;33,986.87
09-sept-22;33,973.36
08-sept-22;33,958.13
07-sept-22;33,942.90
06-sept-22;33,927.68
05-sept-22;33,912.47
04-sept-22;33,897.26
03-sept-22;33,882.06
02-sept-22;33,866.87
01-sept-22;33,851.69
31-ago-22;33,836.51
30-ago-22;33,821.34
29-ago-22;33,806.17
28-ago-22;33,791.01
27-ago-22;33,775.86
26-ago-22;33,760.72
25-ago-22;33,745.58
24-ago-22;33,730.45
23-ago-22;33,715.33
22-ago-22;33,700.21
21-ago-22;33,685.10
20-ago-22;33,669.99
19-ago-22;33,654.90
18-ago-22;33,639.81
17-ago-22;33,624.72
16-ago-22;33,609.65
15-ago-22;33,594.58
14-ago-22;33,579.51
13-ago-22;33,564.46
12-ago-22;33,549.41
11-ago-22;33,534.37
10-ago-22;33,519.33
09-ago-22;33,504.30
08-ago-22;33,494.62
07-ago-22;33,484.94
06-ago-22;33,475.26
05-ago-22;33,465.59
04-ago-22;33,455.92
03-ago-22;33,446.25
02-ago-22;33,436.58
01-ago-22;33,426.92
31-jul-22;33,417.26
30-jul-22;33,407.60
29-jul-22;33,397.95
28-jul-22;33,388.30
27-jul-22;33,378.65
26-jul-22;33,369.00
25-jul-22;33,359.36
24-jul-22;33,349.72
23-jul-22;33,340.08
22-jul-22;33,330.45
21-jul-22;33,320.82
20-jul-22;33,311.19
19-jul-22;33,301.56
18-jul-22;33,291.94
17-jul-22;33,282.32
16-jul-22;33,272.70
15-jul-22;33,263.08
14-jul-22;33,253.47
13-jul-22;33,243.86
12-jul-22;33,234.25
11-jul-22;33,224.65
10-jul-22;33,215.05
09-jul-22;33,205.45
08-jul-22;33,192.25
07-jul-22;33,179.05
06-jul-22;33,165.86
05-jul-22;33,152.68
04-jul-22;33,139.50
03-jul-22;33,126.33
02-jul-22;33,113.16
01-jul-22;33,099.99
30-jun-22;33,086.83
29-jun-22;33,073.68
28-jun-22;33,060.53
27-jun-22;33,047.39
26-jun-22;33,034.25
25-jun-22;33,021.12
24-jun-22;33,007.99
23-jun-22;32,994.87
22-jun-22;32,981.75
21-jun-22;32,968.64
20-jun-22;32,955.54
19-jun-22;32,942.44
18-jun-22;32,929.34
17-jun-22;32,916.25
16-jun-22;32,903.16
15-jun-22;32,890.08
14-jun-22;32,877.01
13-jun-22;32,863.94
12-jun-22;32,850.87
11-jun-22;32,837.81
10-jun-22;32,824.76
09-jun-22;32,811.71
08-jun-22;32,797.00
07-jun-22;32,782.29
06-jun-22;32,767.60
05-jun-22;32,752.90
04-jun-22;32,738.22
03-jun-22;32,723.54
02-jun-22;32,708.87
01-jun-22;32,694.20
31-may-22;32,679.54
30-may-22;32,664.89
29-may-22;32,650.24
28-may-22;32,635.60
27-may-22;32,620.97
26-may-22;32,606.34
25-may-22;32,591.72
24-may-22;32,577.11
23-may-22;32,562.50
22-may-22;32,547.90
21-may-22;32,533.31
20-may-22;32,518.72
19-may-22;32,504.14
18-may-22;32,489.56
17-may-22;32,475.00
16-may-22;32,460.44
15-may-22;32,445.88
14-may-22;32,431.33
13-may-22;32,416.79
12-may-22;32,402.26
11-may-22;32,387.73
10-may-22;32,373.21
09-may-22;32,358.69
08-may-22;32,338.40
07-may-22;32,318.11
06-may-22;32,297.84
05-may-22;32,277.59
04-may-22;32,257.34
03-may-22;32,237.11
02-may-22;32,216.89
01-may-22;32,196.69
30-abr-22;32,176.49
29-abr-22;32,156.31
28-abr-22;32,136.14
27-abr-22;32,115.99
26-abr-22;32,095.84
25-abr-22;32,075.71
24-abr-22;32,055.60
23-abr-22;32,035.49
22-abr-22;32,015.40
21-abr-22;31,995.32
20-abr-22;31,975.25
19-abr-22;31,955.20
18-abr-22;31,935.15
17-abr-22;31,915.12
16-abr-22;31,895.11
15-abr-22;31,875.10
14-abr-22;31,855.11
13-abr-22;31,835.13
12-abr-22;31,815.17
11-abr-22;31,795.21
10-abr-22;31,775.27
09-abr-22;31,755.34
08-abr-22;31,752.27
07-abr-22;31,749.20
06-abr-22;31,746.14
05-abr-22;31,743.07
04-abr-22;31,740.00
03-abr-22;31,736.94
02-abr-22;31,733.87
01-abr-22;31,730.80
31-mar-22;31,727.74
30-mar-22;31,724.67
29-mar-22;31,721.61
28-mar-22;31,718.54
27-mar-22;31,715.48
26-mar-22;31,712.41
25-mar-22;31,709.35
24-mar-22;31,706.28
23-mar-22;31,703.22
22-mar-22;31,700.16
21-mar-22;31,697.09
20-mar-22;31,694.03
19-mar-22;31,690.97
18-mar-22;31,687.91
17-mar-22;31,684.84
16-mar-22;31,681.78
15-mar-22;31,678.72
14-mar-22;31,675.66
13-mar-22;31,672.60
12-mar-22;31,669.54
11-mar-22;31,666.48
10-mar-22;31,663.42
09-mar-22;31,660.36
08-mar-22;31,646.87
07-mar-22;31,633.39
06-mar-22;31,619.92
05-mar-22;31,606.45
04-mar-22;31,592.99
03-mar-22;31,579.53
02-mar-22;31,566.08
01-mar-22;31,552.64
28-feb-22;31,539.20
27-feb-22;31,525.77
26-feb-22;31,512.34
25-feb-22;31,498.92
24-feb-22;31,485.50
23-feb-22;31,472.09
22-feb-22;31,458.68
21-feb-22;31,445.29
20-feb-22;31,431.89
19-feb-22;31,418.50
18-feb-22;31,405.12
17-feb-22;31,391.75
16-feb-22;31,378.38
15-feb-22;31,365.01
14-feb-22;31,351.65
13-feb-22;31,338.30
12-feb-22;31,324.95
11-feb-22;31,311.61
10-feb-22;31,298.27
09-feb-22;31,284.94
08-feb-22;31,276.90
07-feb-22;31,268.86
06-feb-22;31,260.83
05-feb-22;31,252.79
04-feb-22;31,244.76
03-feb-22;31,236.73
02-feb-22;31,228.70
01-feb-22;31,220.68
31-ene-22;31,212.65
30-ene-22;31,204.63
29-ene-22;31,196.61
28-ene-22;31,188.59
27-ene-22;31,180.58
26-ene-22;31,172.57
25-ene-22;31,164.55
24-ene-22;31,156.54
23-ene-22;31,148.54
22-ene-22;31,140.53
21-ene-22;31,132.53
20-ene-22;31,124.53
19-ene-22;31,116.53
18-ene-22;31,108.53
17-ene-22;31,100.54
16-ene-22;31,092.54
15-ene-22;31,084.55
14-ene-22;31,076.56
13-ene-22;31,068.58
12-ene-22;31,060.59
11-ene-22;31,052.61
10-ene-22;31,044.63
09-ene-22;31,036.65
08-ene-22;31,031.66
07-ene-22;31,026.67
06-ene-22;31,021.67
05-ene-22;31,016.68
04-ene-22;31,011.69
03-ene-22;31,006.71
02-ene-22;31,001.72
01-ene-22;30,996.73
31-dic-21;30,991.74
30-dic-21;30,986.76
29-dic-21;30,981.77
28-dic-21;30,976.79
27-dic-21;30,971.80
26-dic-21;30,966.82
25-dic-21;30,961.84
24-dic-21;30,956.86
23-dic-21;30,951.88
22-dic-21;30,946.90
21-dic-21;30,941.92
20-dic-21;30,936.94
19-dic-21;30,931.97
18-dic-21;30,926.99
17-dic-21;30,922.01
16-dic-21;30,917.04
15-dic-21;30,912.07
14-dic-21;30,907.09
13-dic-21;30,902.12
12-dic-21;30,897.15
11-dic-21;30,892.18
10-dic-21;30,887.21
09-dic-21;30,882.24
08-dic-21;30,868.94
07-dic-21;30,855.66
06-dic-21;30,842.37
05-dic-21;30,829.10
04-dic-21;30,815.83
03-dic-21;30,802.56
02-dic-21;30,789.30
01-dic-21;30,776.05
30-nov-21;30,762.80
29-nov-21;30,749.56
28-nov-21;30,736.33
27-nov-21;30,723.10
26-nov-21;30,709.87
25-nov-21;30,696.65
24-nov-21;30,683.44
23-nov-21;30,670.23
22-nov-21;30,657.03
21-nov-21;30,643.83
20-nov-21;30,630.64
19-nov-21;30,617.46
18-nov-21;30,604.28
17-nov-21;30,591.10
16-nov-21;30,577.94
15-nov-21;30,564.77
14-nov-21;30,551.62
13-nov-21;30,538.47
12-nov-21;30,525.32
11-nov-21;30,512.18
10-nov-21;30,499.05
09-nov-21;30,485.92
08-nov-21;30,474.19
07-nov-21;30,462.47
06-nov-21;30,450.75
05-nov-21;30,439.04
04-nov-21;30,427.33
03-nov-21;30,415.62
02-nov-21;30,403.92
01-nov-21;30,392.22
31-oct-21;30,380.53
30-oct-21;30,368.84
29-oct-21;30,357.16
28-oct-21;30,345.48
27-oct-21;30,333.80
26-oct-21;30,322.13
25-oct-21;30,310.47
24-oct-21;30,298.81
23-oct-21;30,287.15
22-oct-21;30,275.50
21-oct-21;30,263.85
20-oct-21;30,252.21
19-oct-21;30,240.57
18-oct-21;30,228.94
17-oct-21;30,217.31
16-oct-21;30,205.68
15-oct-21;30,194.06
14-oct-21;30,182.44
13-oct-21;30,170.83
12-oct-21;30,159.23
11-oct-21;30,147.62
10-oct-21;30,136.02
09-oct-21;30,124.43
08-oct-21;30,120.42
07-oct-21;30,116.41
06-oct-21;30,112.40
05-oct-21;30,108.40
04-oct-21;30,104.39
03-oct-21;30,100.39
02-oct-21;30,096.38
01-oct-21;30,092.38
30-sept-21;30,088.37
29-sept-21;30,084.37
28-sept-21;30,080.37
27-sept-21;30,076.36
26-sept-21;30,072.36
25-sept-21;30,068.36
24-sept-21;30,064.36
23-sept-21;30,060.36
22-sept-21;30,056.36
21-sept-21;30,052.36
20-sept-21;30,048.36
19-sept-21;30,044.36
18-sept-21;30,040.36
17-sept-21;30,036.37
16-sept-21;30,032.37
15-sept-21;30,028.38
14-sept-21;30,024.38
13-sept-21;30,020.38
12-sept-21;30,016.39
11-sept-21;30,012.40
10-sept-21;30,008.40
09-sept-21;30,004.41
08-sept-21;29,996.70
07-sept-21;29,988.99
06-sept-21;29,981.28
05-sept-21;29,973.58
04-sept-21;29,965.87
03-sept-21;29,958.17
02-sept-21;29,950.47
01-sept-21;29,942.78
31-ago-21;29,935.08
30-ago-21;29,927.39
29-ago-21;29,919.70
28-ago-21;29,912.01
27-ago-21;29,904.32
26-ago-21;29,896.63
25-ago-21;29,888.95
24-ago-21;29,881.27
23-ago-21;29,873.59
22-ago-21;29,865.91
21-ago-21;29,858.23
20-ago-21;29,850.56
19-ago-21;29,842.89
18-ago-21;29,835.22
17-ago-21;29,827.55
16-ago-21;29,819.89
15-ago-21;29,812.22
14-ago-21;29,804.56
13-ago-21;29,796.90
12-ago-21;29,789.24
11-ago-21;29,781.59
10-ago-21;29,773.93
09-ago-21;29,766.28
08-ago-21;29,765.32
07-ago-21;29,764.36
06-ago-21;29,763.40
05-ago-21;29,762.44
04-ago-21;29,761.48
03-ago-21;29,760.52
02-ago-21;29,759.56
01-ago-21;29,758.60
31-jul-21;29,757.64
30-jul-21;29,756.68
29-jul-21;29,755.72
28-jul-21;29,754.76
27-jul-21;29,753.80
26-jul-21;29,752.84
25-jul-21;29,751.88
24-jul-21;29,750.92
23-jul-21;29,749.97
22-jul-21;29,749.01
21-jul-21;29,748.05
20-jul-21;29,747.09
19-jul-21;29,746.13
18-jul-21;29,745.17
17-jul-21;29,744.21
16-jul-21;29,743.25
15-jul-21;29,742.29
14-jul-21;29,741.33
13-jul-21;29,740.38
12-jul-21;29,739.42
11-jul-21;29,738.46
10-jul-21;29,737.50
09-jul-21;29,736.54
08-jul-21;29,733.57
07-jul-21;29,730.60
06-jul-21;29,727.64
05-jul-21;29,724.67
04-jul-21;29,721.70
03-jul-21;29,718.73
02-jul-21;29,715.77
01-jul-21;29,712.80
30-jun-21;29,709.83
29-jun-21;29,706.87
28-jun-21;29,703.90
27-jun-21;29,700.93
26-jun-21;29,697.97
25-jun-21;29,695.00
24-jun-21;29,692.04
23-jun-21;29,689.07
22-jun-21;29,686.11
21-jun-21;29,683.15
20-jun-21;29,680.18
19-jun-21;29,677.22
18-jun-21;29,674.25
17-jun-21;29,671.29
16-jun-21;29,668.33
15-jun-21;29,665.37
14-jun-21;29,662.41
13-jun-21;29,659.44
12-jun-21;29,656.48
11-jun-21;29,653.52
10-jun-21;29,650.56
09-jun-21;29,647.60
08-jun-21;29,643.78
07-jun-21;29,639.96
06-jun-21;29,636.15
05-jun-21;29,632.33
04-jun-21;29,628.51
03-jun-21;29,624.70
02-jun-21;29,620.88
01-jun-21;29,617.07
31-may-21;29,613.26
30-may-21;29,609.44
29-may-21;29,605.63
28-may-21;29,601.82
27-may-21;29,598.01
26-may-21;29,594.20
25-may-21;29,590.39
24-may-21;29,586.57
23-may-21;29,582.77
22-may-21;29,578.96
21-may-21;29,575.15
20-may-21;29,571.34
19-may-21;29,567.53
18-may-21;29,563.72
17-may-21;29,559.92
16-may-21;29,556.11
15-may-21;29,552.30
14-may-21;29,548.50
13-may-21;29,544.69
12-may-21;29,540.89
11-may-21;29,537.09
10-may-21;29,533.28
09-may-21;29,529.48
08-may-21;29,525.55
07-may-21;29,521.62
06-may-21;29,517.69
05-may-21;29,513.76
04-may-21;29,509.84
03-may-21;29,505.91
02-may-21;29,501.98
01-may-21;29,498.06
30-abr-21;29,494.13
29-abr-21;29,490.21
28-abr-21;29,486.29
27-abr-21;29,482.36
26-abr-21;29,478.44
25-abr-21;29,474.52
24-abr-21;29,470.59
23-abr-21;29,466.67
22-abr-21;29,462.75
21-abr-21;29,458.83
20-abr-21;29,454.91
19-abr-21;29,450.99
18-abr-21;29,447.07
17-abr-21;29,443.16
16-abr-21;29,439.24
15-abr-21;29,435.32
14-abr-21;29,431.41
13-abr-21;29,427.49
12-abr-21;29,423.57
11-abr-21;29,419.66
10-abr-21;29,415.74
09-abr-21;29,411.83
08-abr-21;29,409.93
07-abr-21;29,408.04
06-abr-21;29,406.14
05-abr-21;29,404.24
04-abr-21;29,402.35
03-abr-21;29,400.45
02-abr-21;29,398.56
01-abr-21;29,396.67
31-mar-21;29,394.77
30-mar-21;29,392.88
29-mar-21;29,390.98
28-mar-21;29,389.09
27-mar-21;29,387.19
26-mar-21;29,385.30
25-mar-21;29,383.41
24-mar-21;29,381.51
23-mar-21;29,379.62
22-mar-21;29,377.72
21-mar-21;29,375.83
20-mar-21;29,373.94
19-mar-21;29,372.04
18-mar-21;29,370.15
17-mar-21;29,368.26
16-mar-21;29,366.37
15-mar-21;29,364.47
14-mar-21;29,362.58
13-mar-21;29,360.69
12-mar-21;29,358.80
11-mar-21;29,356.90
10-mar-21;29,355.01
09-mar-21;29,353.12
08-mar-21;29,345.81
07-mar-21;29,338.50
06-mar-21;29,331.19
05-mar-21;29,323.89
04-mar-21;29,316.58
03-mar-21;29,309.28
02-mar-21;29,301.98
01-mar-21;29,294.68
28-feb-21;29,287.38
27-feb-21;29,280.09
26-feb-21;29,272.79
25-feb-21;29,265.50
24-feb-21;29,258.21
23-feb-21;29,250.92
22-feb-21;29,243.64
21-feb-21;29,236.35
20-feb-21;29,229.07
19-feb-21;29,221.79
18-feb-21;29,214.51
17-feb-21;29,207.23
16-feb-21;29,199.96
15-feb-21;29,192.68
14-feb-21;29,185.41
13-feb-21;29,178.14
12-feb-21;29,170.87
11-feb-21;29,163.61
10-feb-21;29,156.34
09-feb-21;29,149.08
08-feb-21;29,146.26
07-feb-21;29,143.44
06-feb-21;29,140.63
05-feb-21;29,137.81
04-feb-21;29,135.00
03-feb-21;29,132.18
02-feb-21;29,129.37
01-feb-21;29,126.55
31-ene-21;29,123.74
30-ene-21;29,120.92
29-ene-21;29,118.11
28-ene-21;29,115.30
27-ene-21;29,112.48
26-ene-21;29,109.67
25-ene-21;29,106.86
24-ene-21;29,104.04
23-ene-21;29,101.23
22-ene-21;29,098.42
21-ene-21;29,095.61
20-ene-21;29,092.80
19-ene-21;29,089.99
18-ene-21;29,087.18
17-ene-21;29,084.36
16-ene-21;29,081.55
15-ene-21;29,078.74
14-ene-21;29,075.93
13-ene-21;29,073.13
12-ene-21;29,070.32
11-ene-21;29,067.51
10-ene-21;29,064.70
09-ene-21;29,061.89
08-ene-21;29,062.83
07-ene-21;29,063.76
06-ene-21;29,064.70
05-ene-21;29,065.64
04-ene-21;29,066.58
03-ene-21;29,067.52
02-ene-21;29,068.46
01-ene-21;29,069.39
31-dic-20;29,070.33
30-dic-20;29,071.27
29-dic-20;29,072.21
28-dic-20;29,073.15
27-dic-20;29,074.08
26-dic-20;29,075.02
25-dic-20;29,075.96
24-dic-20;29,076.90
23-dic-20;29,077.84
22-dic-20;29,078.78
21-dic-20;29,079.72
20-dic-20;29,080.65
19-dic-20;29,081.59
18-dic-20;29,082.53
17-dic-20;29,083.47
16-dic-20;29,084.41
15-dic-20;29,085.35
14-dic-20;29,086.29
13-dic-20;29,087.22
12-dic-20;29,088.16
11-dic-20;29,089.10
10-dic-20;29,090.04
09-dic-20;29,090.98
08-dic-20;29,084.22
07-dic-20;29,077.46
06-dic-20;29,070.70
05-dic-20;29,063.94
04-dic-20;29,057.18
03-dic-20;29,050.42
02-dic-20;29,043.67
01-dic-20;29,036.92
30-nov-20;29,030.17
29-nov-20;29,023.42
28-nov-20;29,016.67
27-nov-20;29,009.92
26-nov-20;29,003.18
25-nov-20;28,996.44
24-nov-20;28,989.69
23-nov-20;28,982.95
22-nov-20;28,976.22
21-nov-20;28,969.48
20-nov-20;28,962.74
19-nov-20;28,956.01
18-nov-20;28,949.28
17-nov-20;28,942.55
16-nov-20;28,935.82
15-nov-20;28,929.09
14-nov-20;28,922.37
13-nov-20;28,915.64
12-nov-20;28,908.92
11-nov-20;28,902.20
10-nov-20;28,895.48
09-nov-20;28,888.76
08-nov-20;28,883.18
07-nov-20;28,877.61
06-nov-20;28,872.04
05-nov-20;28,866.47
04-nov-20;28,860.90
03-nov-20;28,855.33
02-nov-20;28,849.76
01-nov-20;28,844.20
31-oct-20;28,838.63
30-oct-20;28,833.07
29-oct-20;28,827.50
28-oct-20;28,821.94
27-oct-20;28,816.38
26-oct-20;28,810.82
25-oct-20;28,805.26
24-oct-20;28,799.70
23-oct-20;28,794.14
22-oct-20;28,788.59
21-oct-20;28,783.03
20-oct-20;28,777.48
19-oct-20;28,771.93
18-oct-20;28,766.38
17-oct-20;28,760.83
16-oct-20;28,755.28
15-oct-20;28,749.73
14-oct-20;28,744.18
13-oct-20;28,738.63
12-oct-20;28,733.09
11-oct-20;28,727.54
10-oct-20;28,722.00
09-oct-20;28,716.46
08-oct-20;28,715.50
07-oct-20;28,714.54
06-oct-20;28,713.59
05-oct-20;28,712.63
04-oct-20;28,711.67
03-oct-20;28,710.72
02-oct-20;28,709.76
01-oct-20;28,708.80
30-sept-20;28,707.85
29-sept-20;28,706.89
28-sept-20;28,705.94
27-sept-20;28,704.98
26-sept-20;28,704.02
25-sept-20;28,703.07
24-sept-20;28,702.11
23-sept-20;28,701.15
22-sept-20;28,700.20
21-sept-20;28,699.24
20-sept-20;28,698.29
19-sept-20;28,697.33
18-sept-20;28,696.37
17-sept-20;28,695.42
16-sept-20;28,694.46
15-sept-20;28,693.51
14-sept-20;28,692.55
13-sept-20;28,691.59
12-sept-20;28,690.64
11-sept-20;28,689.68
10-sept-20;28,688.73
09-sept-20;28,687.77
08-sept-20;28,686.84
07-sept-20;28,685.92
06-sept-20;28,684.99
05-sept-20;28,684.07
04-sept-20;28,683.14
03-sept-20;28,682.22
02-sept-20;28,681.30
01-sept-20;28,680.37
31-ago-20;28,679.45
30-ago-20;28,678.52
29-ago-20;28,677.60
28-ago-20;28,676.67
27-ago-20;28,675.75
26-ago-20;28,674.82
25-ago-20;28,673.90
24-ago-20;28,672.97
23-ago-20;28,672.05
22-ago-20;28,671.12
21-ago-20;28,670.20
20-ago-20;28,669.28
19-ago-20;28,668.35
18-ago-20;28,667.43
17-ago-20;28,666.50
16-ago-20;28,665.58
15-ago-20;28,664.65
14-ago-20;28,663.73
13-ago-20;28,662.81
12-ago-20;28,661.88
11-ago-20;28,660.96
10-ago-20;28,660.03
09-ago-20;28,659.11
08-ago-20;28,660.04
07-ago-20;28,660.96
06-ago-20;28,661.89
05-ago-20;28,662.81
04-ago-20;28,663.74
03-ago-20;28,664.66
02-ago-20;28,665.59
01-ago-20;28,666.51
31-jul-20;28,667.44
30-jul-20;28,668.36
29-jul-20;28,669.29
28-jul-20;28,670.21
27-jul-20;28,671.14
26-jul-20;28,672.06
25-jul-20;28,672.99
24-jul-20;28,673.92
23-jul-20;28,674.84
22-jul-20;28,675.77
21-jul-20;28,676.69
20-jul-20;28,677.62
19-jul-20;28,678.54
18-jul-20;28,679.47
17-jul-20;28,680.39
16-jul-20;28,681.32
15-jul-20;28,682.25
14-jul-20;28,683.17
13-jul-20;28,684.10
12-jul-20;28,685.02
11-jul-20;28,685.95
10-jul-20;28,686.87
09-jul-20;28,687.80
08-jul-20;28,688.76
07-jul-20;28,689.72
06-jul-20;28,690.67
05-jul-20;28,691.63
04-jul-20;28,692.59
03-jul-20;28,693.54
02-jul-20;28,694.50
01-jul-20;28,695.46
30-jun-20;28,696.42
29-jun-20;28,697.37
28-jun-20;28,698.33
27-jun-20;28,699.29
26-jun-20;28,700.24
25-jun-20;28,701.20
24-jun-20;28,702.16
23-jun-20;28,703.12
22-jun-20;28,704.07
21-jun-20;28,705.03
20-jun-20;28,705.99
19-jun-20;28,706.94
18-jun-20;28,707.90
17-jun-20;28,708.86
16-jun-20;28,709.82
15-jun-20;28,710.77
14-jun-20;28,711.73
13-jun-20;28,712.69
12-jun-20;28,713.65
11-jun-20;28,714.60
10-jun-20;28,715.56
09-jun-20;28,716.52
08-jun-20;28,716.52
07-jun-20;28,716.52
06-jun-20;28,716.52
05-jun-20;28,716.52
04-jun-20;28,716.52
03-jun-20;28,716.52
02-jun-20;28,716.52
01-jun-20;28,716.52
31-may-20;28,716.52
30-may-20;28,716.52
29-may-20;28,716.52
28-may-20;28,716.52
27-may-20;28,716.52
26-may-20;28,716.52
25-may-20;28,716.52
24-may-20;28,716.52
23-may-20;28,716.52
22-may-20;28,716.52
21-may-20;28,716.52
20-may-20;28,716.52
19-may-20;28,716.52
18-may-20;28,716.52
17-may-20;28,716.52
16-may-20;28,716.52
15-may-20;28,716.52
14-may-20;28,716.52
13-may-20;28,716.52
12-may-20;28,716.52
11-may-20;28,716.52
10-may-20;28,716.52
09-may-20;28,716.52
08-may-20;28,713.65
07-may-20;28,710.79
06-may-20;28,707.92
05-may-20;28,705.05
04-may-20;28,702.19
03-may-20;28,699.32
02-may-20;28,696.46
01-may-20;28,693.59
30-abr-20;28,690.73
29-abr-20;28,687.86
28-abr-20;28,685.00
27-abr-20;28,682.13
26-abr-20;28,679.27
25-abr-20;28,676.41
24-abr-20;28,673.54
23-abr-20;28,670.68
22-abr-20;28,667.82
21-abr-20;28,664.96
20-abr-20;28,662.09
19-abr-20;28,659.23
18-abr-20;28,656.37
17-abr-20;28,653.51
16-abr-20;28,650.65
15-abr-20;28,647.79
14-abr-20;28,644.93
13-abr-20;28,642.07
12-abr-20;28,639.21
11-abr-20;28,636.35
10-abr-20;28,633.49
09-abr-20;28,630.63
08-abr-20;28,626.94
07-abr-20;28,623.25
06-abr-20;28,619.57
05-abr-20;28,615.88
04-abr-20;28,612.20
03-abr-20;28,608.51
02-abr-20;28,604.83
01-abr-20;28,601.15
31-mar-20;28,597.46
30-mar-20;28,593.78
29-mar-20;28,590.10
28-mar-20;28,586.42
27-mar-20;28,582.74
26-mar-20;28,579.06
25-mar-20;28,575.38
24-mar-20;28,571.70
23-mar-20;28,568.02
22-mar-20;28,564.34
21-mar-20;28,560.66
20-mar-20;28,556.98
19-mar-20;28,553.31
18-mar-20;28,549.63
17-mar-20;28,545.95
16-mar-20;28,542.28
15-mar-20;28,538.60
14-mar-20;28,534.93
13-mar-20;28,531.25
12-mar-20;28,527.58
11-mar-20;28,523.91
10-mar-20;28,520.23
09-mar-20;28,516.56
08-mar-20;28,510.68
07-mar-20;28,504.80
06-mar-20;28,498.92
05-mar-20;28,493.04
04-mar-20;28,487.16
03-mar-20;28,481.29
02-mar-20;28,475.41
01-mar-20;28,469.54
29-feb-20;28,463.67
28-feb-20;28,457.80
27-feb-20;28,451.93
26-feb-20;28,446.06
25-feb-20;28,440.19
24-feb-20;28,434.32
23-feb-20;28,428.46
22-feb-20;28,422.60
21-feb-20;28,416.73
20-feb-20;28,410.87
19-feb-20;28,405.01
18-feb-20;28,399.15
17-feb-20;28,393.30
16-feb-20;28,387.44
15-feb-20;28,381.59
14-feb-20;28,375.73
13-feb-20;28,369.88
12-feb-20;28,364.03
11-feb-20;28,358.18
10-feb-20;28,352.33
09-feb-20;28,346.48
08-feb-20;28,345.56
07-feb-20;28,344.65
06-feb-20;28,343.74
05-feb-20;28,342.82
04-feb-20;28,341.91
03-feb-20;28,341.00
02-feb-20;28,340.08
01-feb-20;28,339.17
31-ene-20;28,338.25
30-ene-20;28,337.34
29-ene-20;28,336.43
28-ene-20;28,335.51
27-ene-20;28,334.60
26-ene-20;28,333.69
25-ene-20;28,332.77
24-ene-20;28,331.86
23-ene-20;28,330.95
22-ene-20;28,330.03
21-ene-20;28,329.12
20-ene-20;28,328.21
19-ene-20;28,327.29
18-ene-20;28,326.38
17-ene-20;28,325.47
16-ene-20;28,324.55
15-ene-20;28,323.64
14-ene-20;28,322.73
13-ene-20;28,321.81
12-ene-20;28,320.90
11-ene-20;28,319.99
10-ene-20;28,319.07
09-ene-20;28,318.16
08-ene-20;28,317.25
07-ene-20;28,316.33
06-ene-20;28,315.42
05-ene-20;28,314.51
04-ene-20;28,313.60
03-ene-20;28,312.68
02-ene-20;28,311.77
01-ene-20;28,310.86
31-dic-19;28,309.94
30-dic-19;28,309.03
29-dic-19;28,308.12
28-dic-19;28,307.21
27-dic-19;28,306.29
26-dic-19;28,305.38
25-dic-19;28,304.47
24-dic-19;28,303.56
23-dic-19;28,302.64
22-dic-19;28,301.73
21-dic-19;28,300.82
20-dic-19;28,299.91
19-dic-19;28,298.99
18-dic-19;28,298.08
17-dic-19;28,297.17
16-dic-19;28,296.26
15-dic-19;28,295.34
14-dic-19;28,294.43
13-dic-19;28,293.52
12-dic-19;28,292.61
11-dic-19;28,291.69
10-dic-19;28,290.78
09-dic-19;28,289.87
08-dic-19;28,282.36
07-dic-19;28,274.85
06-dic-19;28,267.34
05-dic-19;28,259.83
04-dic-19;28,252.33
03-dic-19;28,244.83
02-dic-19;28,237.32
01-dic-19;28,229.83
30-nov-19;28,222.33
29-nov-19;28,214.83
28-nov-19;28,207.34
27-nov-19;28,199.85
26-nov-19;28,192.36
25-nov-19;28,184.87
24-nov-19;28,177.39
23-nov-19;28,169.90
22-nov-19;28,162.42
21-nov-19;28,154.94
20-nov-19;28,147.47
19-nov-19;28,139.99
18-nov-19;28,132.52
17-nov-19;28,125.05
16-nov-19;28,117.58
15-nov-19;28,110.11
14-nov-19;28,102.65
13-nov-19;28,095.18
12-nov-19;28,087.72
11-nov-19;28,080.26
10-nov-19;28,072.81
09-nov-19;28,065.35
08-nov-19;28,065.35
07-nov-19;28,065.35
06-nov-19;28,065.35
05-nov-19;28,065.35
04-nov-19;28,065.35
03-nov-19;28,065.35
02-nov-19;28,065.35
01-nov-19;28,065.35
31-oct-19;28,065.35
30-oct-19;28,065.35
29-oct-19;28,065.35
28-oct-19;28,065.35
27-oct-19;28,065.35
26-oct-19;28,065.35
25-oct-19;28,065.35
24-oct-19;28,065.35
23-oct-19;28,065.35
22-oct-19;28,065.35
21-oct-19;28,065.35
20-oct-19;28,065.35
19-oct-19;28,065.35
18-oct-19;28,065.35
17-oct-19;28,065.35
16-oct-19;28,065.35
15-oct-19;28,065.35
14-oct-19;28,065.35
13-oct-19;28,065.35
12-oct-19;28,065.35
11-oct-19;28,065.35
10-oct-19;28,065.35
09-oct-19;28,065.35
08-oct-19;28,063.48
07-oct-19;28,061.61
06-oct-19;28,059.74
05-oct-19;28,057.87
04-oct-19;28,056.00
03-oct-19;28,054.14
02-oct-19;28,052.27
01-oct-19;28,050.40
30-sept-19;28,048.53
29-sept-19;28,046.66
28-sept-19;28,044.80
27-sept-19;28,042.93
26-sept-19;28,041.06
25-sept-19;28,039.19
24-sept-19;28,037.33
23-sept-19;28,035.46
22-sept-19;28,033.59
21-sept-19;28,031.72
20-sept-19;28,029.86
19-sept-19;28,027.99
18-sept-19;28,026.12
17-sept-19;28,024.26
16-sept-19;28,022.39
15-sept-19;28,020.52
14-sept-19;28,018.66
13-sept-19;28,016.79
12-sept-19;28,014.93
11-sept-19;28,013.06
10-sept-19;28,011.20
09-sept-19;28,009.33
08-sept-19;28,007.52
07-sept-19;28,005.72
06-sept-19;28,003.91
05-sept-19;28,002.11
04-sept-19;28,000.30
03-sept-19;27,998.50
02-sept-19;27,996.69
01-sept-19;27,994.89
31-ago-19;27,993.08
30-ago-19;27,991.28
29-ago-19;27,989.48
28-ago-19;27,987.67
27-ago-19;27,985.87
26-ago-19;27,984.06
25-ago-19;27,982.26
24-ago-19;27,980.46
23-ago-19;27,978.65
22-ago-19;27,976.85
21-ago-19;27,975.05
20-ago-19;27,973.25
19-ago-19;27,971.44
18-ago-19;27,969.64
17-ago-19;27,967.84
16-ago-19;27,966.03
15-ago-19;27,964.23
14-ago-19;27,962.43
13-ago-19;27,960.63
12-ago-19;27,958.83
11-ago-19;27,957.02
10-ago-19;27,955.22
09-ago-19;27,953.42
08-ago-19;27,953.42
07-ago-19;27,953.42
06-ago-19;27,953.42
05-ago-19;27,953.42
04-ago-19;27,953.42
03-ago-19;27,953.42
02-ago-19;27,953.42
01-ago-19;27,953.42
31-jul-19;27,953.42
30-jul-19;27,953.42
29-jul-19;27,953.42
28-jul-19;27,953.42
27-jul-19;27,953.42
26-jul-19;27,953.42
25-jul-19;27,953.42
24-jul-19;27,953.42
23-jul-19;27,953.42
22-jul-19;27,953.42
21-jul-19;27,953.42
20-jul-19;27,953.42
19-jul-19;27,953.42
18-jul-19;27,953.42
17-jul-19;27,953.42
16-jul-19;27,953.42
15-jul-19;27,953.42
14-jul-19;27,953.42
13-jul-19;27,953.42
12-jul-19;27,953.42
11-jul-19;27,953.42
10-jul-19;27,953.42
09-jul-19;27,953.42
08-jul-19;27,947.85
07-jul-19;27,942.27
06-jul-19;27,936.70
05-jul-19;27,931.13
04-jul-19;27,925.56
03-jul-19;27,920.00
02-jul-19;27,914.43
01-jul-19;27,908.86
30-jun-19;27,903.30
29-jun-19;27,897.74
28-jun-19;27,892.17
27-jun-19;27,886.61
26-jun-19;27,881.05
25-jun-19;27,875.49
24-jun-19;27,869.94
23-jun-19;27,864.38
22-jun-19;27,858.82
21-jun-19;27,853.27
20-jun-19;27,847.71
19-jun-19;27,842.16
18-jun-19;27,836.61
17-jun-19;27,831.06
16-jun-19;27,825.51
15-jun-19;27,819.96
14-jun-19;27,814.42
13-jun-19;27,808.87
12-jun-19;27,803.33
11-jun-19;27,797.78
10-jun-19;27,792.24
09-jun-19;27,786.70
08-jun-19;27,784.02
07-jun-19;27,781.33
06-jun-19;27,778.65
05-jun-19;27,775.96
04-jun-19;27,773.28
03-jun-19;27,770.60
02-jun-19;27,767.91
01-jun-19;27,765.23
31-may-19;27,762.55
30-may-19;27,759.86
29-may-19;27,757.18
28-may-19;27,754.50
27-may-19;27,751.82
26-may-19;27,749.14
25-may-19;27,746.45
24-may-19;27,743.77
23-may-19;27,741.09
22-may-19;27,738.41
21-may-19;27,735.73
20-may-19;27,733.05
19-may-19;27,730.37
18-may-19;27,727.69
17-may-19;27,725.01
16-may-19;27,722.34
15-may-19;27,719.66
14-may-19;27,716.98
13-may-19;27,714.30
12-may-19;27,711.62
11-may-19;27,708.94
10-may-19;27,706.27
09-may-19;27,703.59
08-may-19;27,698.98
07-may-19;27,694.38
06-may-19;27,689.77
05-may-19;27,685.17
04-may-19;27,680.57
03-may-19;27,675.97
02-may-19;27,671.37
01-may-19;27,666.77
30-abr-19;27,662.17
29-abr-19;27,657.57
28-abr-19;27,652.97
27-abr-19;27,648.37
26-abr-19;27,643.78
25-abr-19;27,639.18
24-abr-19;27,634.59
23-abr-19;27,629.99
22-abr-19;27,625.40
21-abr-19;27,620.81
20-abr-19;27,616.22
19-abr-19;27,611.63
18-abr-19;27,607.04
17-abr-19;27,602.45
16-abr-19;27,597.86
15-abr-19;27,593.27
14-abr-19;27,588.68
13-abr-19;27,584.10
12-abr-19;27,579.51
11-abr-19;27,574.93
10-abr-19;27,570.34
09-abr-19;27,565.76
08-abr-19;27,565.76
07-abr-19;27,565.76
06-abr-19;27,565.76
05-abr-19;27,565.76
04-abr-19;27,565.76
03-abr-19;27,565.76
02-abr-19;27,565.76
01-abr-19;27,565.76
31-mar-19;27,565.76
30-mar-19;27,565.76
29-mar-19;27,565.76
28-mar-19;27,565.76
27-mar-19;27,565.76
26-mar-19;27,565.76
25-mar-19;27,565.76
24-mar-19;27,565.76
23-mar-19;27,565.76
22-mar-19;27,565.76
21-mar-19;27,565.76
20-mar-19;27,565.76
19-mar-19;27,565.76
18-mar-19;27,565.76
17-mar-19;27,565.76
16-mar-19;27,565.76
15-mar-19;27,565.76
14-mar-19;27,565.76
13-mar-19;27,565.76
12-mar-19;27,565.76
11-mar-19;27,565.76
10-mar-19;27,565.76
09-mar-19;27,565.76
08-mar-19;27,564.77
07-mar-19;27,563.79
06-mar-19;27,562.81
05-mar-19;27,561.82
04-mar-19;27,560.84
03-mar-19;27,559.85
02-mar-19;27,558.87
01-mar-19;27,557.89
28-feb-19;27,556.90
27-feb-19;27,555.92
26-feb-19;27,554.94
25-feb-19;27,553.95
24-feb-19;27,552.97
23-feb-19;27,551.99
22-feb-19;27,551.00
21-feb-19;27,550.02
20-feb-19;27,549.04
19-feb-19;27,548.05
18-feb-19;27,547.07
17-feb-19;27,546.09
16-feb-19;27,545.10
15-feb-19;27,544.12
14-feb-19;27,543.14
13-feb-19;27,542.15
12-feb-19;27,541.17
11-feb-19;27,540.19
10-feb-19;27,539.20
09-feb-19;27,538.22
08-feb-19;27,539.11
07-feb-19;27,540.00
06-feb-19;27,540.89
05-feb-19;27,541.78
04-feb-19;27,542.67
03-feb-19;27,543.56
02-feb-19;27,544.45
01-feb-19;27,545.34
31-ene-19;27,546.22
30-ene-19;27,547.11
29-ene-19;27,548.00
28-ene-19;27,548.89
27-ene-19;27,549.78
26-ene-19;27,550.67
25-ene-19;27,551.56
24-ene-19;27,552.45
23-ene-19;27,553.34
22-ene-19;27,554.23
21-ene-19;27,555.12
20-ene-19;27,556.01
19-ene-19;27,556.89
18-ene-19;27,557.78
17-ene-19;27,558.67
16-ene-19;27,559.56
15-ene-19;27,560.45
14-ene-19;27,561.34
13-ene-19;27,562.23
12-ene-19;27,563.12
11-ene-19;27,564.01
10-ene-19;27,564.90
09-ene-19;27,565.79
08-ene-19;27,565.79
07-ene-19;27,565.79
06-ene-19;27,565.79
05-ene-19;27,565.79
04-ene-19;27,565.79
03-ene-19;27,565.79
02-ene-19;27,565.79
01-ene-19;27,565.79
31-dic-18;27,565.79
30-dic-18;27,565.79
29-dic-18;27,565.79
28-dic-18;27,565.79
27-dic-18;27,565.79
26-dic-18;27,565.79
25-dic-18;27,565.79
24-dic-18;27,565.79
23-dic-18;27,565.79
22-dic-18;27,565.79
21-dic-18;27,565.79
20-dic-18;27,565.79
19-dic-18;27,565.79
18-dic-18;27,565.79
17-dic-18;27,565.79
16-dic-18;27,565.79
15-dic-18;27,565.79
14-dic-18;27,565.79
13-dic-18;27,565.79
12-dic-18;27,565.79
11-dic-18;27,565.79
10-dic-18;27,565.79
09-dic-18;27,565.79
08-dic-18;27,562.13
07-dic-18;27,558.46
06-dic-18;27,554.79
05-dic-18;27,551.13
04-dic-18;27,547.46
03-dic-18;27,543.79
02-dic-18;27,540.13
01-dic-18;27,536.46
30-nov-18;27,532.80
29-nov-18;27,529.14
28-nov-18;27,525.47
27-nov-18;27,521.81
26-nov-18;27,518.15
25-nov-18;27,514.49
24-nov-18;27,510.83
23-nov-18;27,507.17
22-nov-18;27,503.51
21-nov-18;27,499.85
20-nov-18;27,496.19
19-nov-18;27,492.53
18-nov-18;27,488.87
17-nov-18;27,485.21
16-nov-18;27,481.56
15-nov-18;27,477.90
14-nov-18;27,474.24
13-nov-18;27,470.59
12-nov-18;27,466.93
11-nov-18;27,463.28
10-nov-18;27,459.62
09-nov-18;27,455.97
08-nov-18;27,453.32
07-nov-18;27,450.67
06-nov-18;27,448.01
05-nov-18;27,445.36
04-nov-18;27,442.71
03-nov-18;27,440.06
02-nov-18;27,437.41
01-nov-18;27,434.76
31-oct-18;27,432.10
30-oct-18;27,429.45
29-oct-18;27,426.80
28-oct-18;27,424.15
27-oct-18;27,421.50
26-oct-18;27,418.85
25-oct-18;27,416.20
24-oct-18;27,413.56
23-oct-18;27,410.91
22-oct-18;27,408.26
21-oct-18;27,405.61
20-oct-18;27,402.96
19-oct-18;27,400.31
18-oct-18;27,397.67
17-oct-18;27,395.02
16-oct-18;27,392.37
15-oct-18;27,389.73
14-oct-18;27,387.08
13-oct-18;27,384.43
12-oct-18;27,381.79
11-oct-18;27,379.14
10-oct-18;27,376.50
09-oct-18;27,373.85
08-oct-18;27,372.03
07-oct-18;27,370.20
06-oct-18;27,368.38
05-oct-18;27,366.56
04-oct-18;27,364.73
03-oct-18;27,362.91
02-oct-18;27,361.09
01-oct-18;27,359.27
30-sept-18;27,357.45
29-sept-18;27,355.62
28-sept-18;27,353.80
27-sept-18;27,351.98
26-sept-18;27,350.16
25-sept-18;27,348.34
24-sept-18;27,346.52
23-sept-18;27,344.69
22-sept-18;27,342.87
21-sept-18;27,341.05
20-sept-18;27,339.23
19-sept-18;27,337.41
18-sept-18;27,335.59
17-sept-18;27,333.77
16-sept-18;27,331.95
15-sept-18;27,330.13
14-sept-18;27,328.31
13-sept-18;27,326.49
12-sept-18;27,324.67
11-sept-18;27,322.85
10-sept-18;27,321.03
09-sept-18;27,319.21
08-sept-18;27,315.69
07-sept-18;27,312.18
06-sept-18;27,308.66
05-sept-18;27,305.14
04-sept-18;27,301.63
03-sept-18;27,298.11
02-sept-18;27,294.60
01-sept-18;27,291.08
31-ago-18;27,287.57
30-ago-18;27,284.05
29-ago-18;27,280.54
28-ago-18;27,277.03
27-ago-18;27,273.52
26-ago-18;27,270.00
25-ago-18;27,266.49
24-ago-18;27,262.98
23-ago-18;27,259.47
22-ago-18;27,255.96
21-ago-18;27,252.45
20-ago-18;27,248.94
19-ago-18;27,245.43
18-ago-18;27,241.92
17-ago-18;27,238.42
16-ago-18;27,234.91
15-ago-18;27,231.40
14-ago-18;27,227.90
13-ago-18;27,224.39
12-ago-18;27,220.88
11-ago-18;27,217.38
10-ago-18;27,213.87
09-ago-18;27,210.37
08-ago-18;27,209.50
07-ago-18;27,208.62
06-ago-18;27,207.74
05-ago-18;27,206.86
04-ago-18;27,205.99
03-ago-18;27,205.11
02-ago-18;27,204.23
01-ago-18;27,203.36
31-jul-18;27,202.48
30-jul-18;27,201.60
29-jul-18;27,200.72
28-jul-18;27,199.85
27-jul-18;27,198.97
26-jul-18;27,198.09
25-jul-18;27,197.22
24-jul-18;27,196.34
23-jul-18;27,195.46
22-jul-18;27,194.59
21-jul-18;27,193.71
20-jul-18;27,192.83
19-jul-18;27,191.96
18-jul-18;27,191.08
17-jul-18;27,190.20
16-jul-18;27,189.33
15-jul-18;27,188.45
14-jul-18;27,187.57
13-jul-18;27,186.70
12-jul-18;27,185.82
11-jul-18;27,184.94
10-jul-18;27,184.07
09-jul-18;27,183.19
08-jul-18;27,180.47
07-jul-18;27,177.76
06-jul-18;27,175.04
05-jul-18;27,172.33
04-jul-18;27,169.62
03-jul-18;27,166.91
02-jul-18;27,164.19
01-jul-18;27,161.48
30-jun-18;27,158.77
29-jun-18;27,156.06
28-jun-18;27,153.35
27-jun-18;27,150.63
26-jun-18;27,147.92
25-jun-18;27,145.21
24-jun-18;27,142.50
23-jun-18;27,139.79
22-jun-18;27,137.08
21-jun-18;27,134.37
20-jun-18;27,131.66
19-jun-18;27,128.95
18-jun-18;27,126.25
17-jun-18;27,123.54
16-jun-18;27,120.83
15-jun-18;27,118.12
14-jun-18;27,115.41
13-jun-18;27,112.71
12-jun-18;27,110.00
11-jun-18;27,107.29
10-jun-18;27,104.59
09-jun-18;27,101.88
08-jun-18;27,099.26
07-jun-18;27,096.65
06-jun-18;27,094.03
05-jun-18;27,091.41
04-jun-18;27,088.79
03-jun-18;27,086.17
02-jun-18;27,083.56
01-jun-18;27,080.94
31-may-18;27,078.32
30-may-18;27,075.71
29-may-18;27,073.09
28-may-18;27,070.47
27-may-18;27,067.86
26-may-18;27,065.24
25-may-18;27,062.63
24-may-18;27,060.01
23-may-18;27,057.40
22-may-18;27,054.78
21-may-18;27,052.17
20-may-18;27,049.56
19-may-18;27,046.94
18-may-18;27,044.33
17-may-18;27,041.72
16-may-18;27,039.10
15-may-18;27,036.49
14-may-18;27,033.88
13-may-18;27,031.27
12-may-18;27,028.65
11-may-18;27,026.04
10-may-18;27,023.43
09-may-18;27,020.82
08-may-18;27,019.02
07-may-18;27,017.22
06-may-18;27,015.43
05-may-18;27,013.63
04-may-18;27,011.83
03-may-18;27,010.03
02-may-18;27,008.23
01-may-18;27,006.43
30-abr-18;27,004.63
29-abr-18;27,002.83
28-abr-18;27,001.04
27-abr-18;26,999.24
26-abr-18;26,997.44
25-abr-18;26,995.64
24-abr-18;26,993.84
23-abr-18;26,992.05
22-abr-18;26,990.25
21-abr-18;26,988.45
20-abr-18;26,986.65
19-abr-18;26,984.86
18-abr-18;26,983.06
17-abr-18;26,981.26
16-abr-18;26,979.46
15-abr-18;26,977.67
14-abr-18;26,975.87
13-abr-18;26,974.07
12-abr-18;26,972.28
11-abr-18;26,970.48
10-abr-18;26,968.69
09-abr-18;26,966.89
08-abr-18;26,966.89
07-abr-18;26,966.89
06-abr-18;26,966.89
05-abr-18;26,966.89
04-abr-18;26,966.89
03-abr-18;26,966.89
02-abr-18;26,966.89
01-abr-18;26,966.89
31-mar-18;26,966.89
30-mar-18;26,966.89
29-mar-18;26,966.89
28-mar-18;26,966.89
27-mar-18;26,966.89
26-mar-18;26,966.89
25-mar-18;26,966.89
24-mar-18;26,966.89
23-mar-18;26,966.89
22-mar-18;26,966.89
21-mar-18;26,966.89
20-mar-18;26,966.89
19-mar-18;26,966.89
18-mar-18;26,966.89
17-mar-18;26,966.89
16-mar-18;26,966.89
15-mar-18;26,966.89
14-mar-18;26,966.89
13-mar-18;26,966.89
12-mar-18;26,966.89
11-mar-18;26,966.89
10-mar-18;26,966.89
09-mar-18;26,966.89
08-mar-18;26,962.09
07-mar-18;26,957.29
06-mar-18;26,952.49
05-mar-18;26,947.69
04-mar-18;26,942.89
03-mar-18;26,938.09
02-mar-18;26,933.29
01-mar-18;26,928.49
28-feb-18;26,923.70
27-feb-18;26,918.90
26-feb-18;26,914.11
25-feb-18;26,909.31
24-feb-18;26,904.52
23-feb-18;26,899.73
22-feb-18;26,894.94
21-feb-18;26,890.15
20-feb-18;26,885.36
19-feb-18;26,880.57
18-feb-18;26,875.78
17-feb-18;26,870.99
16-feb-18;26,866.21
15-feb-18;26,861.42
14-feb-18;26,856.64
13-feb-18;26,851.86
12-feb-18;26,847.07
11-feb-18;26,842.29
10-feb-18;26,837.51
09-feb-18;26,832.73
08-feb-18;26,831.86
07-feb-18;26,831.00
06-feb-18;26,830.13
05-feb-18;26,829.27
04-feb-18;26,828.40
03-feb-18;26,827.54
02-feb-18;26,826.67
01-feb-18;26,825.81
31-ene-18;26,824.94
30-ene-18;26,824.08
29-ene-18;26,823.21
28-ene-18;26,822.35
27-ene-18;26,821.48
26-ene-18;26,820.62
25-ene-18;26,819.75
24-ene-18;26,818.89
23-ene-18;26,818.02
22-ene-18;26,817.16
21-ene-18;26,816.29
20-ene-18;26,815.43
19-ene-18;26,814.56
18-ene-18;26,813.70
17-ene-18;26,812.84
16-ene-18;26,811.97
15-ene-18;26,811.11
14-ene-18;26,810.24
13-ene-18;26,809.38
12-ene-18;26,808.51
11-ene-18;26,807.65
10-ene-18;26,806.78
09-ene-18;26,805.92
08-ene-18;26,805.05
07-ene-18;26,804.19
06-ene-18;26,803.33
05-ene-18;26,802.46
04-ene-18;26,801.60
03-ene-18;26,800.73
02-ene-18;26,799.87
01-ene-18;26,799.01
31-dic-17;26,798.14
30-dic-17;26,797.28
29-dic-17;26,796.41
28-dic-17;26,795.55
27-dic-17;26,794.69
26-dic-17;26,793.82
25-dic-17;26,792.96
24-dic-17;26,792.09
23-dic-17;26,791.23
22-dic-17;26,790.37
21-dic-17;26,789.50
20-dic-17;26,788.64
19-dic-17;26,787.78
18-dic-17;26,786.91
17-dic-17;26,786.05
16-dic-17;26,785.18
15-dic-17;26,784.32
14-dic-17;26,783.46
13-dic-17;26,782.59
12-dic-17;26,781.73
11-dic-17;26,780.87
10-dic-17;26,780.00
09-dic-17;26,779.14
08-dic-17;26,773.80
07-dic-17;26,768.46
06-dic-17;26,763.12
05-dic-17;26,757.79
04-dic-17;26,752.45
03-dic-17;26,747.12
02-dic-17;26,741.78
01-dic-17;26,736.45
30-nov-17;26,731.12
29-nov-17;26,725.79
28-nov-17;26,720.46
27-nov-17;26,715.14
26-nov-17;26,709.81
25-nov-17;26,704.48
24-nov-17;26,699.16
23-nov-17;26,693.84
22-nov-17;26,688.51
21-nov-17;26,683.19
20-nov-17;26,677.87
19-nov-17;26,672.55
18-nov-17;26,667.23
17-nov-17;26,661.92
16-nov-17;26,656.60
15-nov-17;26,651.29
14-nov-17;26,645.97
13-nov-17;26,640.66
12-nov-17;26,635.35
11-nov-17;26,630.04
10-nov-17;26,624.73
09-nov-17;26,619.42
08-nov-17;26,621.14
07-nov-17;26,622.86
06-nov-17;26,624.58
05-nov-17;26,626.30
04-nov-17;26,628.02
03-nov-17;26,629.74
02-nov-17;26,631.46
01-nov-17;26,633.18
31-oct-17;26,634.90
30-oct-17;26,636.62
29-oct-17;26,638.34
28-oct-17;26,640.06
27-oct-17;26,641.78
26-oct-17;26,643.50
25-oct-17;26,645.22
24-oct-17;26,646.94
23-oct-17;26,648.67
22-oct-17;26,650.39
21-oct-17;26,652.11
20-oct-17;26,653.83
19-oct-17;26,655.55
18-oct-17;26,657.27
17-oct-17;26,658.99
16-oct-17;26,660.71
15-oct-17;26,662.44
14-oct-17;26,664.16
13-oct-17;26,665.88
12-oct-17;26,667.60
11-oct-17;26,669.33
10-oct-17;26,671.05
09-oct-17;26,672.77
08-oct-17;26,670.99
07-oct-17;26,669.22
06-oct-17;26,667.44
05-oct-17;26,665.66
04-oct-17;26,663.89
03-oct-17;26,662.11
02-oct-17;26,660.34
01-oct-17;26,658.56
30-sept-17;26,656.79
29-sept-17;26,655.01
28-sept-17;26,653.24
27-sept-17;26,651.46
26-sept-17;26,649.69
25-sept-17;26,647.91
24-sept-17;26,646.14
23-sept-17;26,644.36
22-sept-17;26,642.59
21-sept-17;26,640.81
20-sept-17;26,639.04
19-sept-17;26,637.26
18-sept-17;26,635.49
17-sept-17;26,633.72
16-sept-17;26,631.94
15-sept-17;26,630.17
14-sept-17;26,628.40
13-sept-17;26,626.62
12-sept-17;26,624.85
11-sept-17;26,623.08
10-sept-17;26,621.30
09-sept-17;26,619.53
08-sept-17;26,617.82
07-sept-17;26,616.10
06-sept-17;26,614.39
05-sept-17;26,612.67
04-sept-17;26,610.96
03-sept-17;26,609.24
02-sept-17;26,607.53
01-sept-17;26,605.81
31-ago-17;26,604.10
30-ago-17;26,602.38
29-ago-17;26,600.67
28-ago-17;26,598.95
27-ago-17;26,597.24
26-ago-17;26,595.52
25-ago-17;26,593.81
24-ago-17;26,592.10
23-ago-17;26,590.38
22-ago-17;26,588.67
21-ago-17;26,586.95
20-ago-17;26,585.24
19-ago-17;26,583.53
18-ago-17;26,581.81
17-ago-17;26,580.10
16-ago-17;26,578.39
15-ago-17;26,576.68
14-ago-17;26,574.96
13-ago-17;26,573.25
12-ago-17;26,571.54
11-ago-17;26,569.82
10-ago-17;26,568.11
09-ago-17;26,566.40
08-ago-17;26,569.83
07-ago-17;26,573.27
06-ago-17;26,576.70
05-ago-17;26,580.14
04-ago-17;26,583.58
03-ago-17;26,587.01
02-ago-17;26,590.45
01-ago-17;26,593.89
31-jul-17;26,597.33
30-jul-17;26,600.77
29-jul-17;26,604.21
28-jul-17;26,607.65
27-jul-17;26,611.09
26-jul-17;26,614.53
25-jul-17;26,617.97
24-jul-17;26,621.41
23-jul-17;26,624.85
22-jul-17;26,628.30
21-jul-17;26,631.74
20-jul-17;26,635.18
19-jul-17;26,638.63
18-jul-17;26,642.07
17-jul-17;26,645.52
16-jul-17;26,648.96
15-jul-17;26,652.41
14-jul-17;26,655.85
13-jul-17;26,659.30
12-jul-17;26,662.75
11-jul-17;26,666.19
10-jul-17;26,669.64
09-jul-17;26,673.09
08-jul-17;26,672.20
07-jul-17;26,671.31
06-jul-17;26,670.42
05-jul-17;26,669.53
04-jul-17;26,668.64
03-jul-17;26,667.76
02-jul-17;26,666.87
01-jul-17;26,665.98
30-jun-17;26,665.09
29-jun-17;26,664.20
28-jun-17;26,663.31
27-jun-17;26,662.42
26-jun-17;26,661.54
25-jun-17;26,660.65
24-jun-17;26,659.76
23-jun-17;26,658.87
22-jun-17;26,657.98
21-jun-17;26,657.10
20-jun-17;26,656.21
19-jun-17;26,655.32
18-jun-17;26,654.43
17-jun-17;26,653.54
16-jun-17;26,652.66
15-jun-17;26,651.77
14-jun-17;26,650.88
13-jun-17;26,649.99
12-jun-17;26,649.10
11-jun-17;26,648.22
10-jun-17;26,647.33
09-jun-17;26,646.44
08-jun-17;26,644.72
07-jun-17;26,643.00
06-jun-17;26,641.28
05-jun-17;26,639.57
04-jun-17;26,637.85
03-jun-17;26,636.13
02-jun-17;26,634.42
01-jun-17;26,632.70
31-may-17;26,630.98
30-may-17;26,629.27
29-may-17;26,627.55
28-may-17;26,625.84
27-may-17;26,624.12
26-may-17;26,622.40
25-may-17;26,620.69
24-may-17;26,618.97
23-may-17;26,617.26
22-may-17;26,615.54
21-may-17;26,613.83
20-may-17;26,612.11
19-may-17;26,610.40
18-may-17;26,608.68
17-may-17;26,606.97
16-may-17;26,605.25
15-may-17;26,603.54
14-may-17;26,601.82
13-may-17;26,600.11
12-may-17;26,598.39
11-may-17;26,596.68
10-may-17;26,594.96
09-may-17;26,593.25
08-may-17;26,589.71
07-may-17;26,586.17
06-may-17;26,582.64
05-may-17;26,579.10
04-may-17;26,575.56
03-may-17;26,572.03
02-may-17;26,568.49
01-may-17;26,564.95
30-abr-17;26,561.42
29-abr-17;26,557.89
28-abr-17;26,554.35
27-abr-17;26,550.82
26-abr-17;26,547.29
25-abr-17;26,543.75
24-abr-17;26,540.22
23-abr-17;26,536.69
22-abr-17;26,533.16
21-abr-17;26,529.63
20-abr-17;26,526.10
19-abr-17;26,522.57
18-abr-17;26,519.04
17-abr-17;26,515.51
16-abr-17;26,511.98
15-abr-17;26,508.46
14-abr-17;26,504.93
13-abr-17;26,501.40
12-abr-17;26,497.88
11-abr-17;26,494.35
10-abr-17;26,490.82
09-abr-17;26,487.30
08-abr-17;26,485.59
07-abr-17;26,483.88
06-abr-17;26,482.18
05-abr-17;26,480.47
04-abr-17;26,478.76
03-abr-17;26,477.06
02-abr-17;26,475.35
01-abr-17;26,473.65
31-mar-17;26,471.94
30-mar-17;26,470.23
29-mar-17;26,468.53
28-mar-17;26,466.82
27-mar-17;26,465.12
26-mar-17;26,463.41
25-mar-17;26,461.70
24-mar-17;26,460.00
23-mar-17;26,458.29
22-mar-17;26,456.59
21-mar-17;26,454.88
20-mar-17;26,453.18
19-mar-17;26,451.47
18-mar-17;26,449.77
17-mar-17;26,448.06
16-mar-17;26,446.36
15-mar-17;26,444.65
14-mar-17;26,442.95
13-mar-17;26,441.25
12-mar-17;26,439.54
11-mar-17;26,437.84
10-mar-17;26,436.13
09-mar-17;26,434.43
08-mar-17;26,429.73
07-mar-17;26,425.02
06-mar-17;26,420.31
05-mar-17;26,415.61
04-mar-17;26,410.90
03-mar-17;26,406.20
02-mar-17;26,401.49
01-mar-17;26,396.79
28-feb-17;26,392.09
27-feb-17;26,387.39
26-feb-17;26,382.69
25-feb-17;26,377.99
24-feb-17;26,373.29
23-feb-17;26,368.60
22-feb-17;26,363.90
21-feb-17;26,359.20
20-feb-17;26,354.51
19-feb-17;26,349.81
18-feb-17;26,345.12
17-feb-17;26,340.43
16-feb-17;26,335.74
15-feb-17;26,331.05
14-feb-17;26,326.36
13-feb-17;26,321.67
12-feb-17;26,316.98
11-feb-17;26,312.29
10-feb-17;26,307.61
09-feb-17;26,302.92
08-feb-17;26,304.62
07-feb-17;26,306.32
06-feb-17;26,308.02
05-feb-17;26,309.71
04-feb-17;26,311.41
03-feb-17;26,313.11
02-feb-17;26,314.81
01-feb-17;26,316.51
31-ene-17;26,318.21
30-ene-17;26,319.91
29-ene-17;26,321.61
28-ene-17;26,323.31
27-ene-17;26,325.01
26-ene-17;26,326.71
25-ene-17;26,328.41
24-ene-17;26,330.11
23-ene-17;26,331.81
22-ene-17;26,333.51
21-ene-17;26,335.21
20-ene-17;26,336.91
19-ene-17;26,338.61
18-ene-17;26,340.32
17-ene-17;26,342.02
16-ene-17;26,343.72
15-ene-17;26,345.42
14-ene-17;26,347.12
13-ene-17;26,348.82
12-ene-17;26,350.52
11-ene-17;26,352.23
10-ene-17;26,353.93
09-ene-17;26,355.63
08-ene-17;26,354.78
07-ene-17;26,353.93
06-ene-17;26,353.08
05-ene-17;26,352.23
04-ene-17;26,351.38
03-ene-17;26,350.53
02-ene-17;26,349.68
01-ene-17;26,348.83
31-dic-16;26,347.98
30-dic-16;26,347.13
29-dic-16;26,346.28
28-dic-16;26,345.43
27-dic-16;26,344.58
26-dic-16;26,343.74
25-dic-16;26,342.89
24-dic-16;26,342.04
23-dic-16;26,341.19
22-dic-16;26,340.34
21-dic-16;26,339.49
20-dic-16;26,338.64
19-dic-16;26,337.79
18-dic-16;26,336.94
17-dic-16;26,336.09
16-dic-16;26,335.24
15-dic-16;26,334.39
14-dic-16;26,333.54
13-dic-16;26,332.70
12-dic-16;26,331.85
11-dic-16;26,331.00
10-dic-16;26,330.15
09-dic-16;26,329.30
08-dic-16;26,327.55
07-dic-16;26,325.80
06-dic-16;26,324.04
05-dic-16;26,322.29
04-dic-16;26,320.54
03-dic-16;26,318.78
02-dic-16;26,317.03
01-dic-16;26,315.28
30-nov-16;26,313.53
29-nov-16;26,311.77
28-nov-16;26,310.02
27-nov-16;26,308.27
26-nov-16;26,306.52
25-nov-16;26,304.77
24-nov-16;26,303.01
23-nov-16;26,301.26
22-nov-16;26,299.51
21-nov-16;26,297.76
20-nov-16;26,296.01
19-nov-16;26,294.26
18-nov-16;26,292.51
17-nov-16;26,290.75
16-nov-16;26,289.00
15-nov-16;26,287.25
14-nov-16;26,285.50
13-nov-16;26,283.75
12-nov-16;26,282.00
11-nov-16;26,280.25
10-nov-16;26,278.50
09-nov-16;26,276.75
08-nov-16;26,275.06
07-nov-16;26,273.36
06-nov-16;26,271.67
05-nov-16;26,269.98
04-nov-16;26,268.28
03-nov-16;26,266.59
02-nov-16;26,264.90
01-nov-16;26,263.20
31-oct-16;26,261.51
30-oct-16;26,259.82
29-oct-16;26,258.13
28-oct-16;26,256.43
27-oct-16;26,254.74
26-oct-16;26,253.05
25-oct-16;26,251.36
24-oct-16;26,249.67
23-oct-16;26,247.97
22-oct-16;26,246.28
21-oct-16;26,244.59
20-oct-16;26,242.90
19-oct-16;26,241.21
18-oct-16;26,239.52
17-oct-16;26,237.83
16-oct-16;26,236.13
15-oct-16;26,234.44
14-oct-16;26,232.75
13-oct-16;26,231.06
12-oct-16;26,229.37
11-oct-16;26,227.68
10-oct-16;26,225.99
09-oct-16;26,224.30
08-oct-16;26,224.30
07-oct-16;26,224.30
06-oct-16;26,224.30
05-oct-16;26,224.30
04-oct-16;26,224.30
03-oct-16;26,224.30
02-oct-16;26,224.30
01-oct-16;26,224.30
30-sept-16;26,224.30
29-sept-16;26,224.30
28-sept-16;26,224.30
27-sept-16;26,224.30
26-sept-16;26,224.30
25-sept-16;26,224.30
24-sept-16;26,224.30
23-sept-16;26,224.30
22-sept-16;26,224.30
21-sept-16;26,224.30
20-sept-16;26,224.30
19-sept-16;26,224.30
18-sept-16;26,224.30
17-sept-16;26,224.30
16-sept-16;26,224.30
15-sept-16;26,224.30
14-sept-16;26,224.30
13-sept-16;26,224.30
12-sept-16;26,224.30
11-sept-16;26,224.30
10-sept-16;26,224.30
09-sept-16;26,224.30
08-sept-16;26,222.61
07-sept-16;26,220.92
06-sept-16;26,219.23
05-sept-16;26,217.54
04-sept-16;26,215.85
03-sept-16;26,214.16
02-sept-16;26,212.48
01-sept-16;26,210.79
31-ago-16;26,209.10
30-ago-16;26,207.41
29-ago-16;26,205.72
28-ago-16;26,204.03
27-ago-16;26,202.34
26-ago-16;26,200.65
25-ago-16;26,198.96
24-ago-16;26,197.27
23-ago-16;26,195.59
22-ago-16;26,193.90
21-ago-16;26,192.21
20-ago-16;26,190.52
19-ago-16;26,188.83
18-ago-16;26,187.15
17-ago-16;26,185.46
16-ago-16;26,183.77
15-ago-16;26,182.08
14-ago-16;26,180.40
13-ago-16;26,178.71
12-ago-16;26,177.02
11-ago-16;26,175.33
10-ago-16;26,173.65
09-ago-16;26,171.96
08-ago-16;26,168.59
07-ago-16;26,165.22
06-ago-16;26,161.85
05-ago-16;26,158.48
04-ago-16;26,155.11
03-ago-16;26,151.75
02-ago-16;26,148.38
01-ago-16;26,145.01
31-jul-16;26,141.65
30-jul-16;26,138.28
29-jul-16;26,134.91
28-jul-16;26,131.55
27-jul-16;26,128.18
26-jul-16;26,124.82
25-jul-16;26,121.46
24-jul-16;26,118.09
23-jul-16;26,114.73
22-jul-16;26,111.37
21-jul-16;26,108.00
20-jul-16;26,104.64
19-jul-16;26,101.28
18-jul-16;26,097.92
17-jul-16;26,094.56
16-jul-16;26,091.20
15-jul-16;26,087.84
14-jul-16;26,084.48
13-jul-16;26,081.12
12-jul-16;26,077.76
11-jul-16;26,074.40
10-jul-16;26,071.05
09-jul-16;26,067.69
08-jul-16;26,065.96
07-jul-16;26,064.22
06-jul-16;26,062.48
05-jul-16;26,060.75
04-jul-16;26,059.01
03-jul-16;26,057.28
02-jul-16;26,055.54
01-jul-16;26,053.81
30-jun-16;26,052.07
29-jun-16;26,050.34
28-jun-16;26,048.60
27-jun-16;26,046.87
26-jun-16;26,045.13
25-jun-16;26,043.40
24-jun-16;26,041.66
23-jun-16;26,039.93
22-jun-16;26,038.19
21-jun-16;26,036.46
20-jun-16;26,034.73
19-jun-16;26,032.99
18-jun-16;26,031.26
17-jun-16;26,029.52
16-jun-16;26,027.79
15-jun-16;26,026.06
14-jun-16;26,024.32
13-jun-16;26,022.59
12-jun-16;26,020.86
11-jun-16;26,019.13
10-jun-16;26,017.39
09-jun-16;26,015.66
08-jun-16;26,013.15
07-jun-16;26,010.64
06-jun-16;26,008.12
05-jun-16;26,005.61
04-jun-16;26,003.10
03-jun-16;26,000.58
02-jun-16;25,998.07
01-jun-16;25,995.56
31-may-16;25,993.05
30-may-16;25,990.54
29-may-16;25,988.03
28-may-16;25,985.51
27-may-16;25,983.00
26-may-16;25,980.49
25-may-16;25,977.98
24-may-16;25,975.47
23-may-16;25,972.96
22-may-16;25,970.45
21-may-16;25,967.94
20-may-16;25,965.43
19-may-16;25,962.93
18-may-16;25,960.42
17-may-16;25,957.91
16-may-16;25,955.40
15-may-16;25,952.89
14-may-16;25,950.38
13-may-16;25,947.88
12-may-16;25,945.37
11-may-16;25,942.86
10-may-16;25,940.36
09-may-16;25,937.85
08-may-16;25,934.40
07-may-16;25,930.95
06-may-16;25,927.50
05-may-16;25,924.05
04-may-16;25,920.60
03-may-16;25,917.15
02-may-16;25,913.70
01-may-16;25,910.25
30-abr-16;25,906.80
29-abr-16;25,903.36
28-abr-16;25,899.91
27-abr-16;25,896.46
26-abr-16;25,893.02
25-abr-16;25,889.57
24-abr-16;25,886.13
23-abr-16;25,882.68
22-abr-16;25,879.24
21-abr-16;25,875.80
20-abr-16;25,872.35
19-abr-16;25,868.91
18-abr-16;25,865.47
17-abr-16;25,862.03
16-abr-16;25,858.59
15-abr-16;25,855.14
14-abr-16;25,851.70
13-abr-16;25,848.26
12-abr-16;25,844.83
11-abr-16;25,841.39
10-abr-16;25,837.95
09-abr-16;25,834.51
08-abr-16;25,832.02
07-abr-16;25,829.52
06-abr-16;25,827.02
05-abr-16;25,824.53
04-abr-16;25,822.03
03-abr-16;25,819.54
02-abr-16;25,817.04
01-abr-16;25,814.55
31-mar-16;25,812.05
30-mar-16;25,809.56
29-mar-16;25,807.07
28-mar-16;25,804.57
27-mar-16;25,802.08
26-mar-16;25,799.59
25-mar-16;25,797.09
24-mar-16;25,794.60
23-mar-16;25,792.11
22-mar-16;25,789.62
21-mar-16;25,787.12
20-mar-16;25,784.63
19-mar-16;25,782.14
18-mar-16;25,779.65
17-mar-16;25,777.16
16-mar-16;25,774.67
15-mar-16;25,772.18
14-mar-16;25,769.69
13-mar-16;25,767.20
12-mar-16;25,764.71
11-mar-16;25,762.22
10-mar-16;25,759.73
09-mar-16;25,757.24
08-mar-16;25,752.81
07-mar-16;25,748.38
06-mar-16;25,743.95
05-mar-16;25,739.52
04-mar-16;25,735.10
03-mar-16;25,730.67
02-mar-16;25,726.25
01-mar-16;25,721.82
29-feb-16;25,717.40
28-feb-16;25,712.98
27-feb-16;25,708.55
26-feb-16;25,704.13
25-feb-16;25,699.71
24-feb-16;25,695.29
23-feb-16;25,690.87
22-feb-16;25,686.46
21-feb-16;25,682.04
20-feb-16;25,677.62
19-feb-16;25,673.21
18-feb-16;25,668.79
17-feb-16;25,664.38
16-feb-16;25,659.96
15-feb-16;25,655.55
14-feb-16;25,651.14
13-feb-16;25,646.73
12-feb-16;25,642.32
11-feb-16;25,637.91
10-feb-16;25,633.50
09-feb-16;25,629.09
08-feb-16;25,629.09
07-feb-16;25,629.09
06-feb-16;25,629.09
05-feb-16;25,629.09
04-feb-16;25,629.09
03-feb-16;25,629.09
02-feb-16;25,629.09
01-feb-16;25,629.09
31-ene-16;25,629.09
30-ene-16;25,629.09
29-ene-16;25,629.09
28-ene-16;25,629.09
27-ene-16;25,629.09
26-ene-16;25,629.09
25-ene-16;25,629.09
24-ene-16;25,629.09
23-ene-16;25,629.09
22-ene-16;25,629.09
21-ene-16;25,629.09
20-ene-16;25,629.09
19-ene-16;25,629.09
18-ene-16;25,629.09
17-ene-16;25,629.09
16-ene-16;25,629.09
15-ene-16;25,629.09
14-ene-16;25,629.09
13-ene-16;25,629.09
12-ene-16;25,629.09
11-ene-16;25,629.09
10-ene-16;25,629.09
09-ene-16;25,629.09
08-ene-16;25,629.09
07-ene-16;25,629.09
06-ene-16;25,629.09
05-ene-16;25,629.09
04-ene-16;25,629.09
03-ene-16;25,629.09
02-ene-16;25,629.09
01-ene-16;25,629.09
31-dic-15;25,629.09
30-dic-15;25,629.09
29-dic-15;25,629.09
28-dic-15;25,629.09
27-dic-15;25,629.09
26-dic-15;25,629.09
25-dic-15;25,629.09
24-dic-15;25,629.09
23-dic-15;25,629.09
22-dic-15;25,629.09
21-dic-15;25,629.09
20-dic-15;25,629.09
19-dic-15;25,629.09
18-dic-15;25,629.09
17-dic-15;25,629.09
16-dic-15;25,629.09
15-dic-15;25,629.09
14-dic-15;25,629.09
13-dic-15;25,629.09
12-dic-15;25,629.09
11-dic-15;25,629.09
10-dic-15;25,629.09
09-dic-15;25,629.09
08-dic-15;25,625.68
07-dic-15;25,622.27
06-dic-15;25,618.86
05-dic-15;25,615.45
04-dic-15;25,612.04
03-dic-15;25,608.63
02-dic-15;25,605.23
01-dic-15;25,601.82
30-nov-15;25,598.41
29-nov-15;25,595.01
28-nov-15;25,591.60
27-nov-15;25,588.20
26-nov-15;25,584.79
25-nov-15;25,581.39
24-nov-15;25,577.98
23-nov-15;25,574.58
22-nov-15;25,571.18
21-nov-15;25,567.77
20-nov-15;25,564.37
19-nov-15;25,560.97
18-nov-15;25,557.57
17-nov-15;25,554.17
16-nov-15;25,550.77
15-nov-15;25,547.37
14-nov-15;25,543.97
13-nov-15;25,540.57
12-nov-15;25,537.17
11-nov-15;25,533.77
10-nov-15;25,530.38
09-nov-15;25,526.98
08-nov-15;25,522.87
07-nov-15;25,518.77
06-nov-15;25,514.66
05-nov-15;25,510.56
04-nov-15;25,506.45
03-nov-15;25,502.35
02-nov-15;25,498.25
01-nov-15;25,494.15
31-oct-15;25,490.04
30-oct-15;25,485.94
29-oct-15;25,481.84
28-oct-15;25,477.74
27-oct-15;25,473.64
26-oct-15;25,469.55
25-oct-15;25,465.45
24-oct-15;25,461.35
23-oct-15;25,457.26
22-oct-15;25,453.16
21-oct-15;25,449.07
20-oct-15;25,444.97
19-oct-15;25,440.88
18-oct-15;25,436.79
17-oct-15;25,432.69
16-oct-15;25,428.60
15-oct-15;25,424.51
14-oct-15;25,420.42
13-oct-15;25,416.33
12-oct-15;25,412.24
11-oct-15;25,408.15
10-oct-15;25,404.07
09-oct-15;25,399.98
08-oct-15;25,394.08
07-oct-15;25,388.17
06-oct-15;25,382.27
05-oct-15;25,376.37
04-oct-15;25,370.47
03-oct-15;25,364.57
02-oct-15;25,358.68
01-oct-15;25,352.78
30-sept-15;25,346.89
29-sept-15;25,340.99
28-sept-15;25,335.10
27-sept-15;25,329.21
26-sept-15;25,323.32
25-sept-15;25,317.43
24-sept-15;25,311.55
23-sept-15;25,305.66
22-sept-15;25,299.78
21-sept-15;25,293.90
20-sept-15;25,288.02
19-sept-15;25,282.14
18-sept-15;25,276.26
17-sept-15;25,270.38
16-sept-15;25,264.51
15-sept-15;25,258.63
14-sept-15;25,252.76
13-sept-15;25,246.89
12-sept-15;25,241.02
11-sept-15;25,235.15
10-sept-15;25,229.29
09-sept-15;25,223.42
08-sept-15;25,220.17
07-sept-15;25,216.93
06-sept-15;25,213.68
05-sept-15;25,210.43
04-sept-15;25,207.19
03-sept-15;25,203.94
02-sept-15;25,200.69
01-sept-15;25,197.45
31-ago-15;25,194.21
30-ago-15;25,190.96
29-ago-15;25,187.72
28-ago-15;25,184.47
27-ago-15;25,181.23
26-ago-15;25,177.99
25-ago-15;25,174.75
24-ago-15;25,171.50
23-ago-15;25,168.26
22-ago-15;25,165.02
21-ago-15;25,161.78
20-ago-15;25,158.54
19-ago-15;25,155.30
18-ago-15;25,152.06
17-ago-15;25,148.82
16-ago-15;25,145.59
15-ago-15;25,142.35
14-ago-15;25,139.11
13-ago-15;25,135.87
12-ago-15;25,132.64
11-ago-15;25,129.40
10-ago-15;25,126.17
09-ago-15;25,122.93
08-ago-15;25,118.89
07-ago-15;25,114.85
06-ago-15;25,110.81
05-ago-15;25,106.77
04-ago-15;25,102.73
03-ago-15;25,098.69
02-ago-15;25,094.65
01-ago-15;25,090.61
31-jul-15;25,086.58
30-jul-15;25,082.54
29-jul-15;25,078.51
28-jul-15;25,074.47
27-jul-15;25,070.44
26-jul-15;25,066.41
25-jul-15;25,062.37
24-jul-15;25,058.34
23-jul-15;25,054.31
22-jul-15;25,050.28
21-jul-15;25,046.25
20-jul-15;25,042.22
19-jul-15;25,038.19
18-jul-15;25,034.16
17-jul-15;25,030.14
16-jul-15;25,026.11
15-jul-15;25,022.08
14-jul-15;25,018.06
13-jul-15;25,014.03
12-jul-15;25,010.01
11-jul-15;25,005.99
10-jul-15;25,001.96
09-jul-15;24,997.94
08-jul-15;24,996.27
07-jul-15;24,994.61
06-jul-15;24,992.94
05-jul-15;24,991.28
04-jul-15;24,989.61
03-jul-15;24,987.95
02-jul-15;24,986.28
01-jul-15;24,984.62
30-jun-15;24,982.96
29-jun-15;24,981.29
28-jun-15;24,979.63
27-jun-15;24,977.97
26-jun-15;24,976.30
25-jun-15;24,974.64
24-jun-15;24,972.98
23-jun-15;24,971.31
22-jun-15;24,969.65
21-jun-15;24,967.99
20-jun-15;24,966.32
19-jun-15;24,964.66
18-jun-15;24,963.00
17-jun-15;24,961.34
16-jun-15;24,959.67
15-jun-15;24,958.01
14-jun-15;24,956.35
13-jun-15;24,954.69
12-jun-15;24,953.03
11-jun-15;24,951.36
10-jun-15;24,949.70
09-jun-15;24,948.04
08-jun-15;24,943.22
07-jun-15;24,938.41
06-jun-15;24,933.60
05-jun-15;24,928.79
04-jun-15;24,923.98
03-jun-15;24,919.17
02-jun-15;24,914.36
01-jun-15;24,909.55
31-may-15;24,904.75
30-may-15;24,899.94
29-may-15;24,895.14
28-may-15;24,890.33
27-may-15;24,885.53
26-may-15;24,880.73
25-may-15;24,875.93
24-may-15;24,871.13
23-may-15;24,866.33
22-may-15;24,861.53
21-may-15;24,856.73
20-may-15;24,851.94
19-may-15;24,847.14
18-may-15;24,842.35
17-may-15;24,837.55
16-may-15;24,832.76
15-may-15;24,827.97
14-may-15;24,823.18
13-may-15;24,818.39
12-may-15;24,813.60
11-may-15;24,808.81
10-may-15;24,804.03
09-may-15;24,799.24
08-may-15;24,794.29
07-may-15;24,789.35
06-may-15;24,784.41
05-may-15;24,779.47
04-may-15;24,774.53
03-may-15;24,769.59
02-may-15;24,764.65
01-may-15;24,759.71
30-abr-15;24,754.77
29-abr-15;24,749.84
28-abr-15;24,744.90
27-abr-15;24,739.97
26-abr-15;24,735.04
25-abr-15;24,730.10
24-abr-15;24,725.17
23-abr-15;24,720.24
22-abr-15;24,715.31
21-abr-15;24,710.39
20-abr-15;24,705.46
19-abr-15;24,700.53
18-abr-15;24,695.61
17-abr-15;24,690.69
16-abr-15;24,685.76
15-abr-15;24,680.84
14-abr-15;24,675.92
13-abr-15;24,671.00
12-abr-15;24,666.08
11-abr-15;24,661.16
10-abr-15;24,656.25
09-abr-15;24,651.33
08-abr-15;24,648.16
07-abr-15;24,644.98
06-abr-15;24,641.81
05-abr-15;24,638.64
04-abr-15;24,635.47
03-abr-15;24,632.29
02-abr-15;24,629.12
01-abr-15;24,625.95
31-mar-15;24,622.78
30-mar-15;24,619.61
29-mar-15;24,616.44
28-mar-15;24,613.27
27-mar-15;24,610.10
26-mar-15;24,606.93
25-mar-15;24,603.76
24-mar-15;24,600.59
23-mar-15;24,597.43
22-mar-15;24,594.26
21-mar-15;24,591.09
20-mar-15;24,587.92
19-mar-15;24,584.76
18-mar-15;24,581.59
17-mar-15;24,578.43
16-mar-15;24,575.26
15-mar-15;24,572.10
14-mar-15;24,568.93
13-mar-15;24,565.77
12-mar-15;24,562.61
11-mar-15;24,559.44
10-mar-15;24,556.28
09-mar-15;24,553.12
08-mar-15;24,552.24
07-mar-15;24,551.37
06-mar-15;24,550.49
05-mar-15;24,549.61
04-mar-15;24,548.74
03-mar-15;24,547.86
02-mar-15;24,546.98
01-mar-15;24,546.11
28-feb-15;24,545.23
27-feb-15;24,544.36
26-feb-15;24,543.48
25-feb-15;24,542.60
24-feb-15;24,541.73
23-feb-15;24,540.85
22-feb-15;24,539.98
21-feb-15;24,539.10
20-feb-15;24,538.22
19-feb-15;24,537.35
18-feb-15;24,536.47
17-feb-15;24,535.60
16-feb-15;24,534.72
15-feb-15;24,533.84
14-feb-15;24,532.97
13-feb-15;24,532.09
12-feb-15;24,531.22
11-feb-15;24,530.34
10-feb-15;24,529.47
09-feb-15;24,528.59
08-feb-15;24,531.76
07-feb-15;24,534.94
06-feb-15;24,538.11
05-feb-15;24,541.28
04-feb-15;24,544.45
03-feb-15;24,547.63
02-feb-15;24,550.80
01-feb-15;24,553.98
31-ene-15;24,557.15
30-ene-15;24,560.33
29-ene-15;24,563.50
28-ene-15;24,566.68
27-ene-15;24,569.85
26-ene-15;24,573.03
25-ene-15;24,576.21
24-ene-15;24,579.39
23-ene-15;24,582.56
22-ene-15;24,585.74
21-ene-15;24,588.92
20-ene-15;24,592.10
19-ene-15;24,595.28
18-ene-15;24,598.46
17-ene-15;24,601.64
16-ene-15;24,604.82
15-ene-15;24,608.00
14-ene-15;24,611.18
13-ene-15;24,614.37
12-ene-15;24,617.55
11-ene-15;24,620.73
10-ene-15;24,623.92
09-ene-15;24,627.10
08-ene-15;24,627.10
07-ene-15;24,627.10
06-ene-15;24,627.10
05-ene-15;24,627.10
04-ene-15;24,627.10
03-ene-15;24,627.10
02-ene-15;24,627.10
01-ene-15;24,627.10
31-dic-14;24,627.10
30-dic-14;24,627.10
29-dic-14;24,627.10
28-dic-14;24,627.10
27-dic-14;24,627.10
26-dic-14;24,627.10
25-dic-14;24,627.10
24-dic-14;24,627.10
23-dic-14;24,627.10
22-dic-14;24,627.10
21-dic-14;24,627.10
20-dic-14;24,627.10
19-dic-14;24,627.10
18-dic-14;24,627.10
17-dic-14;24,627.10
16-dic-14;24,627.10
15-dic-14;24,627.10
14-dic-14;24,627.10
13-dic-14;24,627.10
12-dic-14;24,627.10
11-dic-14;24,627.10
10-dic-14;24,627.10
09-dic-14;24,627.10
08-dic-14;24,618.94
07-dic-14;24,610.77
06-dic-14;24,602.61
05-dic-14;24,594.45
04-dic-14;24,586.30
03-dic-14;24,578.14
02-dic-14;24,569.99
01-dic-14;24,561.84
30-nov-14;24,553.70
29-nov-14;24,545.56
28-nov-14;24,537.42
27-nov-14;24,529.28
26-nov-14;24,521.14
25-nov-14;24,513.01
24-nov-14;24,504.88
23-nov-14;24,496.76
22-nov-14;24,488.63
21-nov-14;24,480.51
20-nov-14;24,472.39
19-nov-14;24,464.28
18-nov-14;24,456.17
17-nov-14;24,448.06
16-nov-14;24,439.95
15-nov-14;24,431.84
14-nov-14;24,423.74
13-nov-14;24,415.64
12-nov-14;24,407.54
11-nov-14;24,399.45
10-nov-14;24,391.36
09-nov-14;24,383.27
08-nov-14;24,377.00
07-nov-14;24,370.74
06-nov-14;24,364.47
05-nov-14;24,358.21
04-nov-14;24,351.95
03-nov-14;24,345.69
02-nov-14;24,339.44
01-nov-14;24,333.18
31-oct-14;24,326.93
30-oct-14;24,320.67
29-oct-14;24,314.42
28-oct-14;24,308.17
27-oct-14;24,301.93
26-oct-14;24,295.68
25-oct-14;24,289.44
24-oct-14;24,283.20
23-oct-14;24,276.95
22-oct-14;24,270.72
21-oct-14;24,264.48
20-oct-14;24,258.24
19-oct-14;24,252.01
18-oct-14;24,245.77
17-oct-14;24,239.54
16-oct-14;24,233.31
15-oct-14;24,227.08
14-oct-14;24,220.86
13-oct-14;24,214.63
12-oct-14;24,208.41
11-oct-14;24,202.19
10-oct-14;24,195.97
09-oct-14;24,189.75
08-oct-14;24,187.34
07-oct-14;24,184.92
06-oct-14;24,182.51
05-oct-14;24,180.09
04-oct-14;24,177.68
03-oct-14;24,175.26
02-oct-14;24,172.85
01-oct-14;24,170.44
30-sept-14;24,168.02
29-sept-14;24,165.61
28-sept-14;24,163.20
27-sept-14;24,160.79
26-sept-14;24,158.37
25-sept-14;24,155.96
24-sept-14;24,153.55
23-sept-14;24,151.14
22-sept-14;24,148.73
21-sept-14;24,146.31
20-sept-14;24,143.90
19-sept-14;24,141.49
18-sept-14;24,139.08
17-sept-14;24,136.67
16-sept-14;24,134.26
15-sept-14;24,131.85
14-sept-14;24,129.44
13-sept-14;24,127.03
12-sept-14;24,124.63
11-sept-14;24,122.22
10-sept-14;24,119.81
09-sept-14;24,117.40
08-sept-14;24,115.84
07-sept-14;24,114.29
06-sept-14;24,112.74
05-sept-14;24,111.18
04-sept-14;24,109.63
03-sept-14;24,108.07
02-sept-14;24,106.52
01-sept-14;24,104.97
31-ago-14;24,103.41
30-ago-14;24,101.86
29-ago-14;24,100.31
28-ago-14;24,098.75
27-ago-14;24,097.20
26-ago-14;24,095.65
25-ago-14;24,094.09
24-ago-14;24,092.54
23-ago-14;24,090.99
22-ago-14;24,089.44
21-ago-14;24,087.88
20-ago-14;24,086.33
19-ago-14;24,084.78
18-ago-14;24,083.23
17-ago-14;24,081.67
16-ago-14;24,080.12
15-ago-14;24,078.57
14-ago-14;24,077.02
13-ago-14;24,075.47
12-ago-14;24,073.91
11-ago-14;24,072.36
10-ago-14;24,070.81
09-ago-14;24,069.26
08-ago-14;24,068.48
07-ago-14;24,067.70
06-ago-14;24,066.93
05-ago-14;24,066.15
04-ago-14;24,065.38
03-ago-14;24,064.60
02-ago-14;24,063.82
01-ago-14;24,063.05
31-jul-14;24,062.27
30-jul-14;24,061.50
29-jul-14;24,060.72
28-jul-14;24,059.94
27-jul-14;24,059.17
26-jul-14;24,058.39
25-jul-14;24,057.62
24-jul-14;24,056.84
23-jul-14;24,056.07
22-jul-14;24,055.29
21-jul-14;24,054.51
20-jul-14;24,053.74
19-jul-14;24,052.96
18-jul-14;24,052.19
17-jul-14;24,051.41
16-jul-14;24,050.64
15-jul-14;24,049.86
14-jul-14;24,049.09
13-jul-14;24,048.31
12-jul-14;24,047.54
11-jul-14;24,046.76
10-jul-14;24,045.99
09-jul-14;24,045.21
08-jul-14;24,042.81
07-jul-14;24,040.41
06-jul-14;24,038.01
05-jul-14;24,035.61
04-jul-14;24,033.21
03-jul-14;24,030.81
02-jul-14;24,028.41
01-jul-14;24,026.01
30-jun-14;24,023.61
29-jun-14;24,021.21
28-jun-14;24,018.81
27-jun-14;24,016.42
26-jun-14;24,014.02
25-jun-14;24,011.62
24-jun-14;24,009.22
23-jun-14;24,006.83
22-jun-14;24,004.43
21-jun-14;24,002.03
20-jun-14;23,999.64
19-jun-14;23,997.24
18-jun-14;23,994.84
17-jun-14;23,992.45
16-jun-14;23,990.05
15-jun-14;23,987.66
14-jun-14;23,985.26
13-jun-14;23,982.87
12-jun-14;23,980.47
11-jun-14;23,978.08
10-jun-14;23,975.68
09-jun-14;23,973.29
08-jun-14;23,968.67
07-jun-14;23,964.04
06-jun-14;23,959.42
05-jun-14;23,954.79
04-jun-14;23,950.17
03-jun-14;23,945.55
02-jun-14;23,940.93
01-jun-14;23,936.31
31-may-14;23,931.69
30-may-14;23,927.08
29-may-14;23,922.46
28-may-14;23,917.84
27-may-14;23,913.23
26-may-14;23,908.61
25-may-14;23,904.00
24-may-14;23,899.39
23-may-14;23,894.78
22-may-14;23,890.17
21-may-14;23,885.56
20-may-14;23,880.95
19-may-14;23,876.34
18-may-14;23,871.73
17-may-14;23,867.13
16-may-14;23,862.52
15-may-14;23,857.92
14-may-14;23,853.31
13-may-14;23,848.71
12-may-14;23,844.11
11-may-14;23,839.51
10-may-14;23,834.91
09-may-14;23,830.31
08-may-14;23,823.98
07-may-14;23,817.65
06-may-14;23,811.33
05-may-14;23,805.01
04-may-14;23,798.68
03-may-14;23,792.36
02-may-14;23,786.04
01-may-14;23,779.73
30-abr-14;23,773.41
29-abr-14;23,767.10
28-abr-14;23,760.79
27-abr-14;23,754.48
26-abr-14;23,748.17
25-abr-14;23,741.86
24-abr-14;23,735.56
23-abr-14;23,729.25
22-abr-14;23,722.95
21-abr-14;23,716.65
20-abr-14;23,710.35
19-abr-14;23,704.06
18-abr-14;23,697.76
17-abr-14;23,691.47
16-abr-14;23,685.18
15-abr-14;23,678.89
14-abr-14;23,672.60
13-abr-14;23,666.31
12-abr-14;23,660.03
11-abr-14;23,653.74
10-abr-14;23,647.46
09-abr-14;23,641.18
08-abr-14;23,637.37
07-abr-14;23,633.57
06-abr-14;23,629.77
05-abr-14;23,625.97
04-abr-14;23,622.17
03-abr-14;23,618.37
02-abr-14;23,614.57
01-abr-14;23,610.77
31-mar-14;23,606.97
30-mar-14;23,603.17
29-mar-14;23,599.38
28-mar-14;23,595.58
27-mar-14;23,591.78
26-mar-14;23,587.99
25-mar-14;23,584.19
24-mar-14;23,580.40
23-mar-14;23,576.61
22-mar-14;23,572.81
21-mar-14;23,569.02
20-mar-14;23,565.23
19-mar-14;23,561.44
18-mar-14;23,557.65
17-mar-14;23,553.86
16-mar-14;23,550.07
15-mar-14;23,546.28
14-mar-14;23,542.49
13-mar-14;23,538.70
12-mar-14;23,534.92
11-mar-14;23,531.13
10-mar-14;23,527.34
09-mar-14;23,523.56
08-mar-14;23,521.88
07-mar-14;23,520.21
06-mar-14;23,518.53
05-mar-14;23,516.85
04-mar-14;23,515.17
03-mar-14;23,513.49
02-mar-14;23,511.82
01-mar-14;23,510.14
28-feb-14;23,508.46
27-feb-14;23,506.78
26-feb-14;23,505.11
25-feb-14;23,503.43
24-feb-14;23,501.75
23-feb-14;23,500.07
22-feb-14;23,498.40
21-feb-14;23,496.72
20-feb-14;23,495.04
19-feb-14;23,493.37
18-feb-14;23,491.69
17-feb-14;23,490.02
16-feb-14;23,488.34
15-feb-14;23,486.66
14-feb-14;23,484.99
13-feb-14;23,483.31
12-feb-14;23,481.64
11-feb-14;23,479.96
10-feb-14;23,478.29
09-feb-14;23,476.61
08-feb-14;23,472.08
07-feb-14;23,467.55
06-feb-14;23,463.02
05-feb-14;23,458.50
04-feb-14;23,453.97
03-feb-14;23,449.44
02-feb-14;23,444.92
01-feb-14;23,440.40
31-ene-14;23,435.87
30-ene-14;23,431.35
29-ene-14;23,426.83
28-ene-14;23,422.31
27-ene-14;23,417.79
26-ene-14;23,413.27
25-ene-14;23,408.75
24-ene-14;23,404.24
23-ene-14;23,399.72
22-ene-14;23,395.21
21-ene-14;23,390.69
20-ene-14;23,386.18
19-ene-14;23,381.67
18-ene-14;23,377.15
17-ene-14;23,372.64
16-ene-14;23,368.13
15-ene-14;23,363.63
14-ene-14;23,359.12
13-ene-14;23,354.61
12-ene-14;23,350.10
11-ene-14;23,345.60
10-ene-14;23,341.09
09-ene-14;23,336.59
08-ene-14;23,333.59
07-ene-14;23,330.58
06-ene-14;23,327.58
05-ene-14;23,324.58
04-ene-14;23,321.57
03-ene-14;23,318.57
02-ene-14;23,315.57
01-ene-14;23,312.57
31-dic-13;23,309.56
30-dic-13;23,306.56
29-dic-13;23,303.56
28-dic-13;23,300.56
27-dic-13;23,297.56
26-dic-13;23,294.56
25-dic-13;23,291.56
24-dic-13;23,288.56
23-dic-13;23,285.56
22-dic-13;23,282.56
21-dic-13;23,279.57
20-dic-13;23,276.57
19-dic-13;23,273.57
18-dic-13;23,270.57
17-dic-13;23,267.58
16-dic-13;23,264.58
15-dic-13;23,261.59
14-dic-13;23,258.59
13-dic-13;23,255.60
12-dic-13;23,252.60
11-dic-13;23,249.61
10-dic-13;23,246.61
09-dic-13;23,243.62
08-dic-13;23,242.85
07-dic-13;23,242.07
06-dic-13;23,241.30
05-dic-13;23,240.52
04-dic-13;23,239.75
03-dic-13;23,238.97
02-dic-13;23,238.20
01-dic-13;23,237.43
30-nov-13;23,236.65
29-nov-13;23,235.88
28-nov-13;23,235.10
27-nov-13;23,234.33
26-nov-13;23,233.56
25-nov-13;23,232.78
24-nov-13;23,232.01
23-nov-13;23,231.23
22-nov-13;23,230.46
21-nov-13;23,229.69
20-nov-13;23,228.91
19-nov-13;23,228.14
18-nov-13;23,227.36
17-nov-13;23,226.59
16-nov-13;23,225.82
15-nov-13;23,225.04
14-nov-13;23,224.27
13-nov-13;23,223.49
12-nov-13;23,222.72
11-nov-13;23,221.95
10-nov-13;23,221.17
09-nov-13;23,220.40
08-nov-13;23,216.67
07-nov-13;23,212.93
06-nov-13;23,209.20
05-nov-13;23,205.47
04-nov-13;23,201.73
03-nov-13;23,198.00
02-nov-13;23,194.27
01-nov-13;23,190.54
31-oct-13;23,186.81
30-oct-13;23,183.08
29-oct-13;23,179.35
28-oct-13;23,175.62
27-oct-13;23,171.89
26-oct-13;23,168.16
25-oct-13;23,164.43
24-oct-13;23,160.71
23-oct-13;23,156.98
22-oct-13;23,153.26
21-oct-13;23,149.53
20-oct-13;23,145.81
19-oct-13;23,142.08
18-oct-13;23,138.36
17-oct-13;23,134.64
16-oct-13;23,130.92
15-oct-13;23,127.19
14-oct-13;23,123.47
13-oct-13;23,119.75
12-oct-13;23,116.03
11-oct-13;23,112.32
10-oct-13;23,108.60
09-oct-13;23,104.88
08-oct-13;23,103.34
07-oct-13;23,101.80
06-oct-13;23,100.26
05-oct-13;23,098.72
04-oct-13;23,097.18
03-oct-13;23,095.65
02-oct-13;23,094.11
01-oct-13;23,092.57
30-sept-13;23,091.03
29-sept-13;23,089.49
28-sept-13;23,087.96
27-sept-13;23,086.42
26-sept-13;23,084.88
25-sept-13;23,083.34
24-sept-13;23,081.81
23-sept-13;23,080.27
22-sept-13;23,078.73
21-sept-13;23,077.20
20-sept-13;23,075.66
19-sept-13;23,074.12
18-sept-13;23,072.59
17-sept-13;23,071.05
16-sept-13;23,069.51
15-sept-13;23,067.98
14-sept-13;23,066.44
13-sept-13;23,064.90
12-sept-13;23,063.37
11-sept-13;23,061.83
10-sept-13;23,060.30
09-sept-13;23,058.76
08-sept-13;23,056.53
07-sept-13;23,054.30
06-sept-13;23,052.08
05-sept-13;23,049.85
04-sept-13;23,047.62
03-sept-13;23,045.39
02-sept-13;23,043.17
01-sept-13;23,040.94
31-ago-13;23,038.71
30-ago-13;23,036.49
29-ago-13;23,034.26
28-ago-13;23,032.04
27-ago-13;23,029.81
26-ago-13;23,027.59
25-ago-13;23,025.36
24-ago-13;23,023.14
23-ago-13;23,020.91
22-ago-13;23,018.69
21-ago-13;23,016.46
20-ago-13;23,014.24
19-ago-13;23,012.02
18-ago-13;23,009.79
17-ago-13;23,007.57
16-ago-13;23,005.35
15-ago-13;23,003.12
14-ago-13;23,000.90
13-ago-13;22,998.68
12-ago-13;22,996.46
11-ago-13;22,994.23
10-ago-13;22,992.01
09-ago-13;22,989.79
08-ago-13;22,985.35
07-ago-13;22,980.92
06-ago-13;22,976.48
05-ago-13;22,972.05
04-ago-13;22,967.62
03-ago-13;22,963.18
02-ago-13;22,958.75
01-ago-13;22,954.32
31-jul-13;22,949.89
30-jul-13;22,945.47
29-jul-13;22,941.04
28-jul-13;22,936.61
27-jul-13;22,932.19
26-jul-13;22,927.76
25-jul-13;22,923.34
24-jul-13;22,918.91
23-jul-13;22,914.49
22-jul-13;22,910.07
21-jul-13;22,905.65
20-jul-13;22,901.23
19-jul-13;22,896.81
18-jul-13;22,892.39
17-jul-13;22,887.98
16-jul-13;22,883.56
15-jul-13;22,879.14
14-jul-13;22,874.73
13-jul-13;22,870.32
12-jul-13;22,865.90
11-jul-13;22,861.49
10-jul-13;22,857.08
09-jul-13;22,852.67
08-jul-13;22,852.67
07-jul-13;22,852.67
06-jul-13;22,852.67
05-jul-13;22,852.67
04-jul-13;22,852.67
03-jul-13;22,852.67
02-jul-13;22,852.67
01-jul-13;22,852.67
30-jun-13;22,852.67
29-jun-13;22,852.67
28-jun-13;22,852.67
27-jun-13;22,852.67
26-jun-13;22,852.67
25-jun-13;22,852.67
24-jun-13;22,852.67
23-jun-13;22,852.67
22-jun-13;22,852.67
21-jun-13;22,852.67
20-jun-13;22,852.67
19-jun-13;22,852.67
18-jun-13;22,852.67
17-jun-13;22,852.67
16-jun-13;22,852.67
15-jun-13;22,852.67
14-jun-13;22,852.67
13-jun-13;22,852.67
12-jun-13;22,852.67
11-jun-13;22,852.67
10-jun-13;22,852.67
09-jun-13;22,852.67
08-jun-13;22,856.37
07-jun-13;22,860.06
06-jun-13;22,863.76
05-jun-13;22,867.46
04-jun-13;22,871.16
03-jun-13;22,874.85
02-jun-13;22,878.55
01-jun-13;22,882.25
31-may-13;22,885.95
30-may-13;22,889.65
29-may-13;22,893.36
28-may-13;22,897.06
27-may-13;22,900.76
26-may-13;22,904.46
25-may-13;22,908.17
24-may-13;22,911.87
23-may-13;22,915.58
22-may-13;22,919.28
21-may-13;22,922.99
20-may-13;22,926.70
19-may-13;22,930.40
18-may-13;22,934.11
17-may-13;22,937.82
16-may-13;22,941.53
15-may-13;22,945.24
14-may-13;22,948.95
13-may-13;22,952.66
12-may-13;22,956.37
11-may-13;22,960.08
10-may-13;22,963.80
09-may-13;22,967.51
08-may-13;22,964.46
07-may-13;22,961.40
06-may-13;22,958.35
05-may-13;22,955.29
04-may-13;22,952.24
03-may-13;22,949.18
02-may-13;22,946.13
01-may-13;22,943.08
30-abr-13;22,940.02
29-abr-13;22,936.97
28-abr-13;22,933.92
27-abr-13;22,930.87
26-abr-13;22,927.82
25-abr-13;22,924.77
24-abr-13;22,921.72
23-abr-13;22,918.67
22-abr-13;22,915.62
21-abr-13;22,912.57
20-abr-13;22,909.52
19-abr-13;22,906.47
18-abr-13;22,903.42
17-abr-13;22,900.38
16-abr-13;22,897.33
15-abr-13;22,894.28
14-abr-13;22,891.24
13-abr-13;22,888.19
12-abr-13;22,885.14
11-abr-13;22,882.10
10-abr-13;22,879.05
09-abr-13;22,876.01
08-abr-13;22,875.28
07-abr-13;22,874.54
06-abr-13;22,873.80
05-abr-13;22,873.06
04-abr-13;22,872.33
03-abr-13;22,871.59
02-abr-13;22,870.85
01-abr-13;22,870.11
31-mar-13;22,869.38
30-mar-13;22,868.64
29-mar-13;22,867.90
28-mar-13;22,867.16
27-mar-13;22,866.43
26-mar-13;22,865.69
25-mar-13;22,864.95
24-mar-13;22,864.22
23-mar-13;22,863.48
22-mar-13;22,862.74
21-mar-13;22,862.00
20-mar-13;22,861.27
19-mar-13;22,860.53
18-mar-13;22,859.79
17-mar-13;22,859.06
16-mar-13;22,858.32
15-mar-13;22,857.58
14-mar-13;22,856.84
13-mar-13;22,856.11
12-mar-13;22,855.37
11-mar-13;22,854.63
10-mar-13;22,853.90
09-mar-13;22,853.16
08-mar-13;22,851.52
07-mar-13;22,849.89
06-mar-13;22,848.26
05-mar-13;22,846.63
04-mar-13;22,845.00
03-mar-13;22,843.37
02-mar-13;22,841.74
01-mar-13;22,840.11
28-feb-13;22,838.48
27-feb-13;22,836.85
26-feb-13;22,835.22
25-feb-13;22,833.59
24-feb-13;22,831.97
23-feb-13;22,830.34
22-feb-13;22,828.71
21-feb-13;22,827.08
20-feb-13;22,825.45
19-feb-13;22,823.82
18-feb-13;22,822.19
17-feb-13;22,820.56
16-feb-13;22,818.94
15-feb-13;22,817.31
14-feb-13;22,815.68
13-feb-13;22,814.05
12-feb-13;22,812.42
11-feb-13;22,810.80
10-feb-13;22,809.17
09-feb-13;22,807.54
08-feb-13;22,807.54
07-feb-13;22,807.54
06-feb-13;22,807.54
05-feb-13;22,807.54
04-feb-13;22,807.54
03-feb-13;22,807.54
02-feb-13;22,807.54
01-feb-13;22,807.54
31-ene-13;22,807.54
30-ene-13;22,807.54
29-ene-13;22,807.54
28-ene-13;22,807.54
27-ene-13;22,807.54
26-ene-13;22,807.54
25-ene-13;22,807.54
24-ene-13;22,807.54
23-ene-13;22,807.54
22-ene-13;22,807.54
21-ene-13;22,807.54
20-ene-13;22,807.54
19-ene-13;22,807.54
18-ene-13;22,807.54
17-ene-13;22,807.54
16-ene-13;22,807.54
15-ene-13;22,807.54
14-ene-13;22,807.54
13-ene-13;22,807.54
12-ene-13;22,807.54
11-ene-13;22,807.54
10-ene-13;22,807.54
09-ene-13;22,807.54
08-ene-13;22,811.23
07-ene-13;22,814.92
06-ene-13;22,818.61
05-ene-13;22,822.30
04-ene-13;22,825.99
03-ene-13;22,829.68
02-ene-13;22,833.37
01-ene-13;22,837.06
